article_nr,title,description,brand,kba,part_state,quantity,vat,price,price_b2b,img_1,img_2,img_3,img_4,img_5,img_6
TODO,"AUDI A6 4F 05-11, FJEDERBEN FOR V",,AUDI,"0588856,0588887,0588ABI,0588ABZ",B,1,TODO,400,400,https://egluitistabcloudprod.blob.core.windows.net/pictures/50/P/136/557/3/114511,https://egluitistabcloudprod.blob.core.windows.net/pictures/50/P/136/557/3/82966,,,,
TODO,"AUDI A6 4F 05-11, FJEDERBEN FOR H",,AUDI,"0588856,0588887,0588ABI,0588ABZ",B,1,TODO,400,400,https://egluitistabcloudprod.blob.core.windows.net/pictures/50/P/136/557/4/114512,https://egluitistabcloudprod.blob.core.windows.net/pictures/50/P/136/557/4/72048,,,,
TODO,"AUDI A6 4F 05-11, SIDESPEJL EL",,AUDI,"0588856,0588887,0588ABI,0588ABZ",B,1,TODO,400,400,https://egluitistabcloudprod.blob.core.windows.net/pictures/50/P/136/558/5/161485,https://egluitistabcloudprod.blob.core.windows.net/pictures/50/P/136/558/5/150063,https://egluitistabcloudprod.blob.core.windows.net/pictures/50/P/136/558/5/114516,https://egluitistabcloudprod.blob.core.windows.net/pictures/50/P/136/558/5/68566,https://egluitistabcloudprod.blob.core.windows.net/pictures/50/P/136/558/5/68310,https://egluitistabcloudprod.blob.core.windows.net/pictures/50/P/136/558/5/67739
TODO,"AUDI A6 4F 05-11, VISKERARM",,AUDI,"0588856,0588887,0588ABI,0588ABZ",B,1,TODO,150,150,https://egluitistabcloudprod.blob.core.windows.net/pictures/50/P/136/561/9/114533,https://egluitistabcloudprod.blob.core.windows.net/pictures/50/P/136/561/9/66903,,,,
TODO,"AUDI A6 4F 05-11, KONTAKT SIDESPEJL",,AUDI,"0588856,0588887,0588ABI,0588ABZ",B,1,TODO,300,300,https://egluitistabcloudprod.blob.core.windows.net/pictures/50/P/136/562/2/114536,https://egluitistabcloudprod.blob.core.windows.net/pictures/50/P/136/562/2/67012,,,,
TODO,"AUDI A6 4F 05-11, AIRBAG ELBOKS",,AUDI,"0588856,0588887,0588ABI,0588ABZ",B,1,TODO,800,800,https://egluitistabcloudprod.blob.core.windows.net/pictures/50/P/136/562/5/114539,https://egluitistabcloudprod.blob.core.windows.net/pictures/50/P/136/562/5/67015,,,,
TODO,"AUDI A6 4F 05-11, RELÆ DIVERSE",,AUDI,"0588856,0588887,0588ABI,0588ABZ",B,1,TODO,500,500,https://egluitistabcloudprod.blob.core.windows.net/pictures/50/P/136/562/6/114540,https://egluitistabcloudprod.blob.core.windows.net/pictures/50/P/136/562/6/67016,,,,
TODO,"AUDI A6 4F 05-11, RELÆ DIVERSE",,AUDI,"0588856,0588887,0588ABI,0588ABZ",B,1,TODO,1000,1000,https://egluitistabcloudprod.blob.core.windows.net/pictures/50/P/136/562/7/114541,https://egluitistabcloudprod.blob.core.windows.net/pictures/50/P/136/562/7/67017,,,,
TODO,"AUDI A6 4F 05-11, LOFTSLYS",,AUDI,"0588856,0588887,0588ABI,0588ABZ",B,1,TODO,300,300,https://egluitistabcloudprod.blob.core.windows.net/pictures/50/P/136/562/8/150070,https://egluitistabcloudprod.blob.core.windows.net/pictures/50/P/136/562/8/114542,https://egluitistabcloudprod.blob.core.windows.net/pictures/50/P/136/562/8/67087,https://egluitistabcloudprod.blob.core.windows.net/pictures/50/P/136/562/8/67018,,
TODO,"AUDI A6 4F 05-11, SELESTRAMMER",,AUDI,"0588856,0588887,0588ABI,0588ABZ",B,1,TODO,500,500,https://egluitistabcloudprod.blob.core.windows.net/pictures/50/P/136/562/9/114543,https://egluitistabcloudprod.blob.core.windows.net/pictures/50/P/136/562/9/67019,,,,
TODO,"AUDI A6 4F 05-11, SELESTRAMMER",,AUDI,"0588856,0588887,0588ABI,0588ABZ",B,1,TODO,500,500,https://egluitistabcloudprod.blob.core.windows.net/pictures/50/P/136/563/0/114544,https://egluitistabcloudprod.blob.core.windows.net/pictures/50/P/136/563/0/67020,,,,
TODO,"AUDI A6 4F 05-11, SIKKERHEDSELER BAG",,AUDI,"0588856,0588887,0588ABI,0588ABZ",B,1,TODO,350,350,https://egluitistabcloudprod.blob.core.windows.net/pictures/50/P/136/563/1/114545,https://egluitistabcloudprod.blob.core.windows.net/pictures/50/P/136/563/1/66993,,,,
TODO,"AUDI A6 4F 05-11, SIKKERHEDSELER BAG",,AUDI,"0588856,0588887,0588ABI,0588ABZ",B,1,TODO,350,350,https://egluitistabcloudprod.blob.core.windows.net/pictures/50/P/136/563/2/114546,https://egluitistabcloudprod.blob.core.windows.net/pictures/50/P/136/563/2/67021,,,,
TODO,"AUDI A6 4F 05-11, RAT  TIL AIRBAG",,AUDI,"0588856,0588887,0588ABI,0588ABZ",B,1,TODO,350,350,https://egluitistabcloudprod.blob.core.windows.net/pictures/50/P/136/563/7/161487,https://egluitistabcloudprod.blob.core.windows.net/pictures/50/P/136/563/7/150074,https://egluitistabcloudprod.blob.core.windows.net/pictures/50/P/136/563/7/114551,https://egluitistabcloudprod.blob.core.windows.net/pictures/50/P/136/563/7/67116,https://egluitistabcloudprod.blob.core.windows.net/pictures/50/P/136/563/7/67091,https://egluitistabcloudprod.blob.core.windows.net/pictures/50/P/136/563/7/67026
TODO,"AUDI A6 4F 05-11, KONTAKT VISKER",,AUDI,"0588856,0588887,0588ABI,0588ABZ",B,1,TODO,200,200,https://egluitistabcloudprod.blob.core.windows.net/pictures/50/P/136/563/8/150075,https://egluitistabcloudprod.blob.core.windows.net/pictures/50/P/136/563/8/114552,https://egluitistabcloudprod.blob.core.windows.net/pictures/50/P/136/563/8/67092,https://egluitistabcloudprod.blob.core.windows.net/pictures/50/P/136/563/8/67027,,
TODO,"AUDI A6 4F 05-11, KONTAKT BLINK",,AUDI,"0588856,0588887,0588ABI,0588ABZ",B,1,TODO,200,200,https://egluitistabcloudprod.blob.core.windows.net/pictures/50/P/136/563/9/150076,https://egluitistabcloudprod.blob.core.windows.net/pictures/50/P/136/563/9/114553,https://egluitistabcloudprod.blob.core.windows.net/pictures/50/P/136/563/9/67093,https://egluitistabcloudprod.blob.core.windows.net/pictures/50/P/136/563/9/67028,,
TODO,"AUDI A6 4F 05-11, FARTPILOT KONTAKT",,AUDI,"0588856,0588887,0588ABI,0588ABZ",B,1,TODO,150,150,https://egluitistabcloudprod.blob.core.windows.net/pictures/50/P/136/564/0/150077,https://egluitistabcloudprod.blob.core.windows.net/pictures/50/P/136/564/0/114554,https://egluitistabcloudprod.blob.core.windows.net/pictures/50/P/136/564/0/67094,https://egluitistabcloudprod.blob.core.windows.net/pictures/50/P/136/564/0/67029,,
TODO,"AUDI A6 4F 05-11, AIRBAG",,AUDI,"0588856,0588887,0588ABI,0588ABZ",B,1,TODO,600,600,https://egluitistabcloudprod.blob.core.windows.net/pictures/50/P/136/564/1/114555,https://egluitistabcloudprod.blob.core.windows.net/pictures/50/P/136/564/1/67030,,,,
TODO,"AUDI A6 4F 05-11, TELEFON ORG.MONTERET",,AUDI,"0588856,0588887,0588ABI,0588ABZ",B,1,TODO,1000,1000,https://egluitistabcloudprod.blob.core.windows.net/pictures/50/P/136/564/3/150078,https://egluitistabcloudprod.blob.core.windows.net/pictures/50/P/136/564/3/114556,https://egluitistabcloudprod.blob.core.windows.net/pictures/50/P/136/564/3/67095,https://egluitistabcloudprod.blob.core.windows.net/pictures/50/P/136/564/3/67031,,
TODO,"AUDI A6 4F 05-11, CIRKULATIONSPUMPE",,AUDI,"0588856,0588887,0588ABI,0588ABZ",B,1,TODO,500,500,https://egluitistabcloudprod.blob.core.windows.net/pictures/50/P/136/564/5/150080,https://egluitistabcloudprod.blob.core.windows.net/pictures/50/P/136/564/5/114558,https://egluitistabcloudprod.blob.core.windows.net/pictures/50/P/136/564/5/67097,https://egluitistabcloudprod.blob.core.windows.net/pictures/50/P/136/564/5/67033,,
TODO,"AUDI A6 4F 05-11, INSTRUMENT MED OMDR.",,AUDI,"0588856,0588887,0588ABI,0588ABZ",B,1,TODO,1000,1000,https://egluitistabcloudprod.blob.core.windows.net/pictures/50/P/136/565/2/150083,https://egluitistabcloudprod.blob.core.windows.net/pictures/50/P/136/565/2/114565,https://egluitistabcloudprod.blob.core.windows.net/pictures/50/P/136/565/2/67100,https://egluitistabcloudprod.blob.core.windows.net/pictures/50/P/136/565/2/67040,,
TODO,"AUDI A6 4F 05-11, KONTAKT LYS",,AUDI,"0588856,0588887,0588ABI,0588ABZ",B,1,TODO,200,200,https://egluitistabcloudprod.blob.core.windows.net/pictures/50/P/136/565/8/150087,https://egluitistabcloudprod.blob.core.windows.net/pictures/50/P/136/565/8/114571,https://egluitistabcloudprod.blob.core.windows.net/pictures/50/P/136/565/8/67104,https://egluitistabcloudprod.blob.core.windows.net/pictures/50/P/136/565/8/67044,,
TODO,"AUDI A6 4F 05-11, RUDEMOTOR",,AUDI,"0588856,0588887,0588ABI,0588ABZ",B,1,TODO,350,350,https://egluitistabcloudprod.blob.core.windows.net/pictures/50/P/136/566/5/150089,https://egluitistabcloudprod.blob.core.windows.net/pictures/50/P/136/566/5/114574,https://egluitistabcloudprod.blob.core.windows.net/pictures/50/P/136/566/5/71507,https://egluitistabcloudprod.blob.core.windows.net/pictures/50/P/136/566/5/71471,,
TODO,"AUDI A6 4F 05-11, RUDEMOTOR",,AUDI,"0588856,0588887,0588ABI,0588ABZ",B,1,TODO,350,350,https://egluitistabcloudprod.blob.core.windows.net/pictures/50/P/136/566/7/150090,https://egluitistabcloudprod.blob.core.windows.net/pictures/50/P/136/566/7/114575,https://egluitistabcloudprod.blob.core.windows.net/pictures/50/P/136/566/7/78274,https://egluitistabcloudprod.blob.core.windows.net/pictures/50/P/136/566/7/78152,,
TODO,"AUDI A6 4F 05-11, GEARSKIFTE AUTOMATIK",,AUDI,"0588856,0588887,0588ABI,0588ABZ",B,1,TODO,350,350,https://egluitistabcloudprod.blob.core.windows.net/pictures/50/P/136/840/9/127033,https://egluitistabcloudprod.blob.core.windows.net/pictures/50/P/136/840/9/115897,https://egluitistabcloudprod.blob.core.windows.net/pictures/50/P/136/840/9/69615,,,
TODO,"AUDI A6 4F 05-11, RUDEMOTOR",,AUDI,"0588856,0588887,0588ABI,0588ABZ",B,1,TODO,350,350,https://egluitistabcloudprod.blob.core.windows.net/pictures/50/P/137/095/2/151280,https://egluitistabcloudprod.blob.core.windows.net/pictures/50/P/137/095/2/128206,https://egluitistabcloudprod.blob.core.windows.net/pictures/50/P/137/095/2/117070,https://egluitistabcloudprod.blob.core.windows.net/pictures/50/P/137/095/2/71522,https://egluitistabcloudprod.blob.core.windows.net/pictures/50/P/137/095/2/71491,
TODO,"AUDI A6 4F 05-11, RUDEMOTOR",,AUDI,"0588851,0588875,0588885,0588886,0588ABG,0588ABH,0588ABX,0588ABY",B,1,TODO,350,350,https://egluitistabcloudprod.blob.core.windows.net/pictures/50/P/137/590/3/152431,https://egluitistabcloudprod.blob.core.windows.net/pictures/50/P/137/590/3/130431,https://egluitistabcloudprod.blob.core.windows.net/pictures/50/P/137/590/3/119296,https://egluitistabcloudprod.blob.core.windows.net/pictures/50/P/137/590/3/78290,https://egluitistabcloudprod.blob.core.windows.net/pictures/50/P/137/590/3/78168,
TODO,"AUDI A6 4F 05-11, RUDEMOTOR",,AUDI,"0588851,0588875,0588885,0588886,0588ABG,0588ABH,0588ABX,0588ABY",B,1,TODO,350,350,https://egluitistabcloudprod.blob.core.windows.net/pictures/50/P/137/590/4/130432,https://egluitistabcloudprod.blob.core.windows.net/pictures/50/P/137/590/4/119297,https://egluitistabcloudprod.blob.core.windows.net/pictures/50/P/137/590/4/77201,,,
TODO,"AUDI A6 4F 05-11, RUDEMOTOR",,AUDI,"0588851,0588875,0588885,0588886,0588ABG,0588ABH,0588ABX,0588ABY",B,1,TODO,350,350,https://egluitistabcloudprod.blob.core.windows.net/pictures/50/P/137/590/5/130433,https://egluitistabcloudprod.blob.core.windows.net/pictures/50/P/137/590/5/119298,https://egluitistabcloudprod.blob.core.windows.net/pictures/50/P/137/590/5/78169,,,
TODO,"AUDI A6 4F 05-11, KONTAKT LYS",,AUDI,"0588851,0588875,0588885,0588886,0588ABG,0588ABH,0588ABX,0588ABY",B,1,TODO,350,350,https://egluitistabcloudprod.blob.core.windows.net/pictures/50/P/137/592/0/152436,https://egluitistabcloudprod.blob.core.windows.net/pictures/50/P/137/592/0/130438,https://egluitistabcloudprod.blob.core.windows.net/pictures/50/P/137/592/0/119303,https://egluitistabcloudprod.blob.core.windows.net/pictures/50/P/137/592/0/76520,https://egluitistabcloudprod.blob.core.windows.net/pictures/50/P/137/592/0/76425,
TODO,"AUDI A6 4F 05-11, SIDESPEJL EL",,AUDI,"0588851,0588875,0588885,0588886,0588ABG,0588ABH,0588ABX,0588ABY",B,1,TODO,400,400,https://egluitistabcloudprod.blob.core.windows.net/pictures/50/P/137/592/3/152437,https://egluitistabcloudprod.blob.core.windows.net/pictures/50/P/137/592/3/130439,https://egluitistabcloudprod.blob.core.windows.net/pictures/50/P/137/592/3/119304,https://egluitistabcloudprod.blob.core.windows.net/pictures/50/P/137/592/3/77618,https://egluitistabcloudprod.blob.core.windows.net/pictures/50/P/137/592/3/77526,
TODO,"AUDI A6 4F 05-11, SIDESPEJL EL",,AUDI,"0588851,0588875,0588885,0588886,0588ABG,0588ABH,0588ABX,0588ABY",B,1,TODO,400,400,https://egluitistabcloudprod.blob.core.windows.net/pictures/50/P/137/592/4/152438,https://egluitistabcloudprod.blob.core.windows.net/pictures/50/P/137/592/4/130440,https://egluitistabcloudprod.blob.core.windows.net/pictures/50/P/137/592/4/119305,https://egluitistabcloudprod.blob.core.windows.net/pictures/50/P/137/592/4/89846,https://egluitistabcloudprod.blob.core.windows.net/pictures/50/P/137/592/4/89686,
TODO,"AUDI A6 4F 05-11, FJEDERBEN FOR V",,AUDI,"0588851,0588875,0588885,0588886,0588ABG,0588ABH,0588ABX,0588ABY",B,1,TODO,400,400,https://egluitistabcloudprod.blob.core.windows.net/pictures/50/P/137/593/0/130442,https://egluitistabcloudprod.blob.core.windows.net/pictures/50/P/137/593/0/119308,https://egluitistabcloudprod.blob.core.windows.net/pictures/50/P/137/593/0/76427,,,
TODO,"AUDI A6 4F 05-11, FJEDERBEN FOR H",,AUDI,"0588851,0588875,0588885,0588886,0588ABG,0588ABH,0588ABX,0588ABY",B,1,TODO,400,400,https://egluitistabcloudprod.blob.core.windows.net/pictures/50/P/137/593/1/130443,https://egluitistabcloudprod.blob.core.windows.net/pictures/50/P/137/593/1/119309,https://egluitistabcloudprod.blob.core.windows.net/pictures/50/P/137/593/1/76428,,,
TODO,"AUDI A6 4F 05-11, VISKERARM",,AUDI,"0588851,0588875,0588885,0588886,0588ABG,0588ABH,0588ABX,0588ABY",B,1,TODO,300,300,https://egluitistabcloudprod.blob.core.windows.net/pictures/50/P/137/593/4/130446,https://egluitistabcloudprod.blob.core.windows.net/pictures/50/P/137/593/4/119312,https://egluitistabcloudprod.blob.core.windows.net/pictures/50/P/137/593/4/76431,,,
TODO,"AUDI A6 4F 05-11, INSTRUMENT MED OMDR.",,AUDI,"0588851,0588875,0588885,0588886,0588ABG,0588ABH,0588ABX,0588ABY",B,1,TODO,1000,1000,https://egluitistabcloudprod.blob.core.windows.net/pictures/50/P/137/594/3/161863,https://egluitistabcloudprod.blob.core.windows.net/pictures/50/P/137/594/3/152441,https://egluitistabcloudprod.blob.core.windows.net/pictures/50/P/137/594/3/130452,https://egluitistabcloudprod.blob.core.windows.net/pictures/50/P/137/594/3/119318,https://egluitistabcloudprod.blob.core.windows.net/pictures/50/P/137/594/3/76557,https://egluitistabcloudprod.blob.core.windows.net/pictures/50/P/137/594/3/76522,https://egluitistabcloudprod.blob.core.windows.net/pictures/50/P/137/594/3/76434
TODO,"AUDI A6 4F 05-11, SPEEDERPEDAL",,AUDI,"0588851,0588875,0588885,0588886,0588ABG,0588ABH,0588ABX,0588ABY",B,1,TODO,500,500,https://egluitistabcloudprod.blob.core.windows.net/pictures/50/P/137/594/5/152443,https://egluitistabcloudprod.blob.core.windows.net/pictures/50/P/137/594/5/130454,https://egluitistabcloudprod.blob.core.windows.net/pictures/50/P/137/594/5/119320,https://egluitistabcloudprod.blob.core.windows.net/pictures/50/P/137/594/5/76524,https://egluitistabcloudprod.blob.core.windows.net/pictures/50/P/137/594/5/76436,
TODO,"AUDI A6 4F 05-11, ABS PUMPE","4F0910517AC

PUMPE NR : 0265235100
                     4F0614517T
",AUDI,"0588851,0588875,0588885,0588886,0588ABG,0588ABH,0588ABX,0588ABY",B,1,TODO,2500,2500,https://egluitistabcloudprod.blob.core.windows.net/pictures/50/P/137/594/6/152444,https://egluitistabcloudprod.blob.core.windows.net/pictures/50/P/137/594/6/130455,https://egluitistabcloudprod.blob.core.windows.net/pictures/50/P/137/594/6/119321,https://egluitistabcloudprod.blob.core.windows.net/pictures/50/P/137/594/6/76525,https://egluitistabcloudprod.blob.core.windows.net/pictures/50/P/137/594/6/76437,
TODO,"AUDI A6 4F 05-11, RELÆ DIVERSE",,AUDI,"0588851,0588875,0588885,0588886,0588ABG,0588ABH,0588ABX,0588ABY",B,1,TODO,800,800,https://egluitistabcloudprod.blob.core.windows.net/pictures/50/P/137/595/5/152447,https://egluitistabcloudprod.blob.core.windows.net/pictures/50/P/137/595/5/130461,https://egluitistabcloudprod.blob.core.windows.net/pictures/50/P/137/595/5/119327,https://egluitistabcloudprod.blob.core.windows.net/pictures/50/P/137/595/5/76528,https://egluitistabcloudprod.blob.core.windows.net/pictures/50/P/137/595/5/76443,
TODO,"AUDI A6 4F 05-11, RELÆ DIVERSE",,AUDI,"0588851,0588875,0588885,0588886,0588ABG,0588ABH,0588ABX,0588ABY",B,1,TODO,500,500,https://egluitistabcloudprod.blob.core.windows.net/pictures/50/P/137/595/7/130462,https://egluitistabcloudprod.blob.core.windows.net/pictures/50/P/137/595/7/119328,https://egluitistabcloudprod.blob.core.windows.net/pictures/50/P/137/595/7/76444,,,
TODO,"AUDI A6 4F 05-11, VISKERTRÆK",,AUDI,"0588851,0588875,0588885,0588886,0588ABG,0588ABH,0588ABX,0588ABY",B,1,TODO,350,350,https://egluitistabcloudprod.blob.core.windows.net/pictures/50/P/137/596/5/130470,https://egluitistabcloudprod.blob.core.windows.net/pictures/50/P/137/596/5/119336,https://egluitistabcloudprod.blob.core.windows.net/pictures/50/P/137/596/5/76452,,,
TODO,"AUDI A6 4F 05-11, RADIO TILBEHØR",,AUDI,"0588851,0588875,0588885,0588886,0588ABG,0588ABH,0588ABX,0588ABY",B,1,TODO,1200,1200,https://egluitistabcloudprod.blob.core.windows.net/pictures/50/P/137/712/7/152802,https://egluitistabcloudprod.blob.core.windows.net/pictures/50/P/137/712/7/131043,https://egluitistabcloudprod.blob.core.windows.net/pictures/50/P/137/712/7/119909,https://egluitistabcloudprod.blob.core.windows.net/pictures/50/P/137/712/7/77622,https://egluitistabcloudprod.blob.core.windows.net/pictures/50/P/137/712/7/77530,
TODO,"AUDI A6 4F 05-11, TRÆKAKSEL FOR V.",,AUDI,"0588851,0588875,0588885,0588886,0588ABG,0588ABH,0588ABX,0588ABY",B,1,TODO,800,800,https://egluitistabcloudprod.blob.core.windows.net/pictures/50/P/138/547/5/134447,https://egluitistabcloudprod.blob.core.windows.net/pictures/50/P/138/547/5/123326,https://egluitistabcloudprod.blob.core.windows.net/pictures/50/P/138/547/5/83796,,,
TODO,"AUDI A6 4F 05-11, FJEDERBEN FOR V",,AUDI,"0588851,0588875,0588885,0588886,0588ABG,0588ABH,0588ABX,0588ABY",B,1,TODO,400,400,https://egluitistabcloudprod.blob.core.windows.net/pictures/50/P/138/548/6/134451,https://egluitistabcloudprod.blob.core.windows.net/pictures/50/P/138/548/6/123330,https://egluitistabcloudprod.blob.core.windows.net/pictures/50/P/138/548/6/84622,,,
TODO,"AUDI A6 4F 05-11, FARTPILOT BOKS",,AUDI,"0588851,0588875,0588885,0588886,0588ABG,0588ABH,0588ABX,0588ABY",B,1,TODO,500,500,https://egluitistabcloudprod.blob.core.windows.net/pictures/50/P/138/557/7/134499,https://egluitistabcloudprod.blob.core.windows.net/pictures/50/P/138/557/7/123378,https://egluitistabcloudprod.blob.core.windows.net/pictures/50/P/138/557/7/83823,,,
TODO,"AUDI A6 4F 05-11, RELÆ DIVERSE",,AUDI,"0588851,0588875,0588885,0588886,0588ABG,0588ABH,0588ABX,0588ABY",B,1,TODO,500,500,https://egluitistabcloudprod.blob.core.windows.net/pictures/50/P/138/558/1/134501,https://egluitistabcloudprod.blob.core.windows.net/pictures/50/P/138/558/1/123380,https://egluitistabcloudprod.blob.core.windows.net/pictures/50/P/138/558/1/83824,,,
TODO,"AUDI A6 4F 05-11, RAT  TIL AIRBAG",,AUDI,"0588851,0588875,0588885,0588886,0588ABG,0588ABH,0588ABX,0588ABY",B,1,TODO,350,350,https://egluitistabcloudprod.blob.core.windows.net/pictures/50/P/138/559/9/154588,https://egluitistabcloudprod.blob.core.windows.net/pictures/50/P/138/559/9/134517,https://egluitistabcloudprod.blob.core.windows.net/pictures/50/P/138/559/9/123396,https://egluitistabcloudprod.blob.core.windows.net/pictures/50/P/138/559/9/83895,https://egluitistabcloudprod.blob.core.windows.net/pictures/50/P/138/559/9/83832,
TODO,"AUDI A6 4F 05-11, KONTAKT BLINK",,AUDI,"0588851,0588875,0588885,0588886,0588ABG,0588ABH,0588ABX,0588ABY",B,1,TODO,200,200,https://egluitistabcloudprod.blob.core.windows.net/pictures/50/P/138/560/9/134521,https://egluitistabcloudprod.blob.core.windows.net/pictures/50/P/138/560/9/123400,https://egluitistabcloudprod.blob.core.windows.net/pictures/50/P/138/560/9/83835,,,
TODO,"AUDI A6 4F 05-11, KONTAKT VISKER",,AUDI,"0588851,0588875,0588885,0588886,0588ABG,0588ABH,0588ABX,0588ABY",B,1,TODO,200,200,https://egluitistabcloudprod.blob.core.windows.net/pictures/50/P/138/561/0/154592,https://egluitistabcloudprod.blob.core.windows.net/pictures/50/P/138/561/0/134522,https://egluitistabcloudprod.blob.core.windows.net/pictures/50/P/138/561/0/123401,https://egluitistabcloudprod.blob.core.windows.net/pictures/50/P/138/561/0/83898,https://egluitistabcloudprod.blob.core.windows.net/pictures/50/P/138/561/0/83836,
TODO,"AUDI A6 4F 05-11, FARTPILOT KONTAKT",,AUDI,"0588851,0588875,0588885,0588886,0588ABG,0588ABH,0588ABX,0588ABY",B,1,TODO,150,150,https://egluitistabcloudprod.blob.core.windows.net/pictures/50/P/138/561/1/154593,https://egluitistabcloudprod.blob.core.windows.net/pictures/50/P/138/561/1/134523,https://egluitistabcloudprod.blob.core.windows.net/pictures/50/P/138/561/1/123402,https://egluitistabcloudprod.blob.core.windows.net/pictures/50/P/138/561/1/83899,https://egluitistabcloudprod.blob.core.windows.net/pictures/50/P/138/561/1/83837,
TODO,"AUDI A6 4F 05-11, GEARSKIFTE AUTOMATIK","INDIKATOR TIL AUTOMATGEAR",AUDI,"0588851,0588875,0588885,0588886,0588ABG,0588ABH,0588ABX,0588ABY",B,1,TODO,350,350,https://egluitistabcloudprod.blob.core.windows.net/pictures/50/P/138/561/9/154598,https://egluitistabcloudprod.blob.core.windows.net/pictures/50/P/138/561/9/134529,https://egluitistabcloudprod.blob.core.windows.net/pictures/50/P/138/561/9/123408,https://egluitistabcloudprod.blob.core.windows.net/pictures/50/P/138/561/9/83904,https://egluitistabcloudprod.blob.core.windows.net/pictures/50/P/138/561/9/83843,
TODO,"AUDI A6 4F 05-11, FORSTOL  4DØRS",DELLÆDER,AUDI,"0588851,0588875,0588885,0588886,0588ABG,0588ABH,0588ABX,0588ABY",B,1,TODO,1200,1200,https://egluitistabcloudprod.blob.core.windows.net/pictures/50/P/138/562/2/154599,https://egluitistabcloudprod.blob.core.windows.net/pictures/50/P/138/562/2/134531,https://egluitistabcloudprod.blob.core.windows.net/pictures/50/P/138/562/2/123410,https://egluitistabcloudprod.blob.core.windows.net/pictures/50/P/138/562/2/83710,https://egluitistabcloudprod.blob.core.windows.net/pictures/50/P/138/562/2/83669,
TODO,"AUDI A6 4F 05-11, FORSTOL  4DØRS",DELLÆDER,AUDI,"0588851,0588875,0588885,0588886,0588ABG,0588ABH,0588ABX,0588ABY",B,1,TODO,1200,1200,https://egluitistabcloudprod.blob.core.windows.net/pictures/50/P/138/562/3/134532,https://egluitistabcloudprod.blob.core.windows.net/pictures/50/P/138/562/3/123411,https://egluitistabcloudprod.blob.core.windows.net/pictures/50/P/138/562/3/83670,,,
TODO,"AUDI A6 4F 05-11, RUDEMOTOR",,AUDI,"0588851,0588875,0588885,0588886,0588ABG,0588ABH,0588ABX,0588ABY",B,1,TODO,350,350,https://egluitistabcloudprod.blob.core.windows.net/pictures/50/P/138/563/5/154601,https://egluitistabcloudprod.blob.core.windows.net/pictures/50/P/138/563/5/134535,https://egluitistabcloudprod.blob.core.windows.net/pictures/50/P/138/563/5/123414,https://egluitistabcloudprod.blob.core.windows.net/pictures/50/P/138/563/5/83906,https://egluitistabcloudprod.blob.core.windows.net/pictures/50/P/138/563/5/83846,
TODO,"AUDI A6 4F 05-11, INSTRUKTIONSBOG",,AUDI,"0588851,0588875,0588885,0588886,0588ABG,0588ABH,0588ABX,0588ABY",B,1,TODO,200,200,https://egluitistabcloudprod.blob.core.windows.net/pictures/50/P/138/565/0/134539,https://egluitistabcloudprod.blob.core.windows.net/pictures/50/P/138/565/0/123418,https://egluitistabcloudprod.blob.core.windows.net/pictures/50/P/138/565/0/83850,,,
TODO,"AUDI A6 4F 05-11, RELÆ DIVERSE",,AUDI,"0588851,0588875,0588885,0588886,0588ABG,0588ABH,0588ABX,0588ABY",B,1,TODO,350,350,https://egluitistabcloudprod.blob.core.windows.net/pictures/50/P/138/565/1/134540,https://egluitistabcloudprod.blob.core.windows.net/pictures/50/P/138/565/1/123419,https://egluitistabcloudprod.blob.core.windows.net/pictures/50/P/138/565/1/83851,,,
TODO,"AUDI A6 4F 05-11, ARMLÆN",,AUDI,"0588851,0588875,0588885,0588886,0588ABG,0588ABH,0588ABX,0588ABY",B,1,TODO,400,400,https://egluitistabcloudprod.blob.core.windows.net/pictures/50/P/138/565/3/154606,https://egluitistabcloudprod.blob.core.windows.net/pictures/50/P/138/565/3/134542,https://egluitistabcloudprod.blob.core.windows.net/pictures/50/P/138/565/3/123421,https://egluitistabcloudprod.blob.core.windows.net/pictures/50/P/138/565/3/83911,https://egluitistabcloudprod.blob.core.windows.net/pictures/50/P/138/565/3/83853,
TODO,"AUDI A6 4F 05-11, BENZIN/BRÆNDSTOF PUMPE EL",,AUDI,"0588851,0588875,0588885,0588886,0588ABG,0588ABH,0588ABX,0588ABY",B,1,TODO,500,500,https://egluitistabcloudprod.blob.core.windows.net/pictures/50/P/138/566/1/162258,https://egluitistabcloudprod.blob.core.windows.net/pictures/50/P/138/566/1/154608,https://egluitistabcloudprod.blob.core.windows.net/pictures/50/P/138/566/1/134548,https://egluitistabcloudprod.blob.core.windows.net/pictures/50/P/138/566/1/123427,https://egluitistabcloudprod.blob.core.windows.net/pictures/50/P/138/566/1/83928,https://egluitistabcloudprod.blob.core.windows.net/pictures/50/P/138/566/1/83913,https://egluitistabcloudprod.blob.core.windows.net/pictures/50/P/138/566/1/83855
TODO,"AUDI A6 4F 05-11, LYGTEJUSTERINGSMOTOR",,AUDI,"0588851,0588875,0588885,0588886,0588ABG,0588ABH,0588ABX,0588ABY",B,1,TODO,150,150,https://egluitistabcloudprod.blob.core.windows.net/pictures/50/P/138/566/9/154609,https://egluitistabcloudprod.blob.core.windows.net/pictures/50/P/138/566/9/134555,https://egluitistabcloudprod.blob.core.windows.net/pictures/50/P/138/566/9/123434,https://egluitistabcloudprod.blob.core.windows.net/pictures/50/P/138/566/9/83914,https://egluitistabcloudprod.blob.core.windows.net/pictures/50/P/138/566/9/83857,
TODO,"AUDI A6 4F 05-11, GEARKASSE 4 X 4",,AUDI,"0588848,0588849,0588882,0588883,0588ABB,0588ABC,0588ABS,0588ABT",B1,1,TODO,8500,8500,https://egluitistabcloudprod.blob.core.windows.net/pictures/50/P/139/059/3/196501,https://egluitistabcloudprod.blob.core.windows.net/pictures/50/P/139/059/3/196440,https://egluitistabcloudprod.blob.core.windows.net/pictures/50/P/139/059/3/196355,,,
TODO,"AUDI A6 4F 05-11, TRÆKAKSEL FOR V.",,AUDI,"0588848,0588849,0588882,0588883,0588ABB,0588ABC,0588ABS,0588ABT",B,1,TODO,800,800,https://egluitistabcloudprod.blob.core.windows.net/pictures/50/P/139/063/3/196356,,,,,
TODO,"AUDI A6 4F 05-11, TRÆKAKSEL FOR H.",,AUDI,"0588848,0588849,0588882,0588883,0588ABB,0588ABC,0588ABS,0588ABT",B,1,TODO,800,800,https://egluitistabcloudprod.blob.core.windows.net/pictures/50/P/139/063/6/196357,,,,,
TODO,"AUDI A6 4F 05-11, BAGTØJSKLUMP","0AR500043A (HNL/HCC) / 08V500043A (HUP) PARTSLINK",AUDI,"0588848,0588849,0588882,0588883,0588ABB,0588ABC,0588ABS,0588ABT",B1,1,TODO,2500,2500,https://egluitistabcloudprod.blob.core.windows.net/pictures/50/P/139/066/6/196502,https://egluitistabcloudprod.blob.core.windows.net/pictures/50/P/139/066/6/196443,https://egluitistabcloudprod.blob.core.windows.net/pictures/50/P/139/066/6/196360,,,
TODO,"AUDI A6 4F 05-11, FORBRO KMPL.",,AUDI,"0588848,0588849,0588882,0588883,0588ABB,0588ABC,0588ABS,0588ABT",B,1,TODO,1500,1500,https://egluitistabcloudprod.blob.core.windows.net/pictures/50/P/139/067/5/196361,,,,,
TODO,"AUDI A6 4F 05-11, FJEDERBEN FOR V",,AUDI,"0588848,0588849,0588882,0588883,0588ABB,0588ABC,0588ABS,0588ABT",B,1,TODO,400,400,https://egluitistabcloudprod.blob.core.windows.net/pictures/50/P/139/068/8/196444,https://egluitistabcloudprod.blob.core.windows.net/pictures/50/P/139/068/8/196363,,,,
TODO,"AUDI A6 4F 05-11, FJEDERBEN FOR H",,AUDI,"0588848,0588849,0588882,0588883,0588ABB,0588ABC,0588ABS,0588ABT",B,1,TODO,400,400,https://egluitistabcloudprod.blob.core.windows.net/pictures/50/P/139/069/0/196445,https://egluitistabcloudprod.blob.core.windows.net/pictures/50/P/139/069/0/196364,,,,
TODO,"AUDI A6 4F 05-11, TANDSTANG SERVO",,AUDI,"0588848,0588849,0588882,0588883,0588ABB,0588ABC,0588ABS,0588ABT",B,1,TODO,1500,1500,https://egluitistabcloudprod.blob.core.windows.net/pictures/50/P/139/070/9/199420,,,,,
TODO,"AUDI A6 4F 05-11, SIDESPEJL EL",,AUDI,"0588848,0588849,0588882,0588883,0588ABB,0588ABC,0588ABS,0588ABT",B,1,TODO,400,400,https://egluitistabcloudprod.blob.core.windows.net/pictures/50/P/139/073/8/155643,https://egluitistabcloudprod.blob.core.windows.net/pictures/50/P/139/073/8/136561,https://egluitistabcloudprod.blob.core.windows.net/pictures/50/P/139/073/8/125442,https://egluitistabcloudprod.blob.core.windows.net/pictures/50/P/139/073/8/88740,https://egluitistabcloudprod.blob.core.windows.net/pictures/50/P/139/073/8/88671,
TODO,"AUDI A6 4F 05-11, SIDESPEJL EL",,AUDI,"0588848,0588849,0588882,0588883,0588ABB,0588ABC,0588ABS,0588ABT",B,1,TODO,400,400,https://egluitistabcloudprod.blob.core.windows.net/pictures/50/P/139/073/9/155644,https://egluitistabcloudprod.blob.core.windows.net/pictures/50/P/139/073/9/136562,https://egluitistabcloudprod.blob.core.windows.net/pictures/50/P/139/073/9/125443,https://egluitistabcloudprod.blob.core.windows.net/pictures/50/P/139/073/9/88741,https://egluitistabcloudprod.blob.core.windows.net/pictures/50/P/139/073/9/88672,
TODO,"AUDI A6 4F 05-11, RUDEMOTOR",,AUDI,"0588848,0588849,0588882,0588883,0588ABB,0588ABC,0588ABS,0588ABT",B,1,TODO,350,350,https://egluitistabcloudprod.blob.core.windows.net/pictures/50/P/139/074/1/155645,https://egluitistabcloudprod.blob.core.windows.net/pictures/50/P/139/074/1/136563,https://egluitistabcloudprod.blob.core.windows.net/pictures/50/P/139/074/1/125444,https://egluitistabcloudprod.blob.core.windows.net/pictures/50/P/139/074/1/88742,https://egluitistabcloudprod.blob.core.windows.net/pictures/50/P/139/074/1/88673,
TODO,"AUDI A6 4F 05-11, RUDEMOTOR",,AUDI,"0588848,0588849,0588882,0588883,0588ABB,0588ABC,0588ABS,0588ABT",B,1,TODO,350,350,https://egluitistabcloudprod.blob.core.windows.net/pictures/50/P/139/074/3/155646,https://egluitistabcloudprod.blob.core.windows.net/pictures/50/P/139/074/3/136564,https://egluitistabcloudprod.blob.core.windows.net/pictures/50/P/139/074/3/125445,https://egluitistabcloudprod.blob.core.windows.net/pictures/50/P/139/074/3/88743,https://egluitistabcloudprod.blob.core.windows.net/pictures/50/P/139/074/3/88674,
TODO,"AUDI A6 4F 05-11, CENTRALLÅS EL.",,AUDI,"0588848,0588849,0588882,0588883,0588ABB,0588ABC,0588ABS,0588ABT",B,1,TODO,350,350,https://egluitistabcloudprod.blob.core.windows.net/pictures/50/P/139/074/5/155647,https://egluitistabcloudprod.blob.core.windows.net/pictures/50/P/139/074/5/136565,https://egluitistabcloudprod.blob.core.windows.net/pictures/50/P/139/074/5/125446,https://egluitistabcloudprod.blob.core.windows.net/pictures/50/P/139/074/5/88744,https://egluitistabcloudprod.blob.core.windows.net/pictures/50/P/139/074/5/88675,
TODO,"AUDI A6 4F 05-11, CENTRALLÅS EL.",,AUDI,"0588848,0588849,0588882,0588883,0588ABB,0588ABC,0588ABS,0588ABT",B,1,TODO,350,350,https://egluitistabcloudprod.blob.core.windows.net/pictures/50/P/139/074/7/155648,https://egluitistabcloudprod.blob.core.windows.net/pictures/50/P/139/074/7/136566,https://egluitistabcloudprod.blob.core.windows.net/pictures/50/P/139/074/7/125447,https://egluitistabcloudprod.blob.core.windows.net/pictures/50/P/139/074/7/88745,https://egluitistabcloudprod.blob.core.windows.net/pictures/50/P/139/074/7/88676,
TODO,"AUDI A6 4F 05-11, INSTRUMENT MED OMDR.",,AUDI,"0588848,0588849,0588882,0588883,0588ABB,0588ABC,0588ABS,0588ABT",B,1,TODO,1000,1000,https://egluitistabcloudprod.blob.core.windows.net/pictures/50/P/139/075/2/155649,https://egluitistabcloudprod.blob.core.windows.net/pictures/50/P/139/075/2/136567,https://egluitistabcloudprod.blob.core.windows.net/pictures/50/P/139/075/2/125448,https://egluitistabcloudprod.blob.core.windows.net/pictures/50/P/139/075/2/91383,https://egluitistabcloudprod.blob.core.windows.net/pictures/50/P/139/075/2/91279,
TODO,"AUDI A6 4F 05-11, MULTISKÆRM",,AUDI,"0588848,0588849,0588882,0588883,0588ABB,0588ABC,0588ABS,0588ABT",B,1,TODO,800,800,https://egluitistabcloudprod.blob.core.windows.net/pictures/50/P/139/075/4/155650,https://egluitistabcloudprod.blob.core.windows.net/pictures/50/P/139/075/4/136569,https://egluitistabcloudprod.blob.core.windows.net/pictures/50/P/139/075/4/125450,https://egluitistabcloudprod.blob.core.windows.net/pictures/50/P/139/075/4/91384,https://egluitistabcloudprod.blob.core.windows.net/pictures/50/P/139/075/4/91281,
TODO,"AUDI A6 4F 05-11, EKSPANTIONSBEHOLDER",,AUDI,"0588848,0588849,0588882,0588883,0588ABB,0588ABC,0588ABS,0588ABT",B,1,TODO,350,350,https://egluitistabcloudprod.blob.core.windows.net/pictures/50/P/139/075/5/136570,https://egluitistabcloudprod.blob.core.windows.net/pictures/50/P/139/075/5/125451,https://egluitistabcloudprod.blob.core.windows.net/pictures/50/P/139/075/5/91282,,,
TODO,"AUDI A6 4F 05-11, ABS PUMPE","PUMPE NR 0265234111
4F0614517A",AUDI,"0588848,0588849,0588882,0588883,0588ABB,0588ABC,0588ABS,0588ABT",B,1,TODO,2500,2500,https://egluitistabcloudprod.blob.core.windows.net/pictures/50/P/139/075/9/155651,https://egluitistabcloudprod.blob.core.windows.net/pictures/50/P/139/075/9/136572,https://egluitistabcloudprod.blob.core.windows.net/pictures/50/P/139/075/9/125453,https://egluitistabcloudprod.blob.core.windows.net/pictures/50/P/139/075/9/91385,https://egluitistabcloudprod.blob.core.windows.net/pictures/50/P/139/075/9/91284,
TODO,"AUDI A6 4F 05-11, INJECTION ELBOKS",,AUDI,"0588848,0588849,0588882,0588883,0588ABB,0588ABC,0588ABS,0588ABT",B,1,TODO,1200,1200,https://egluitistabcloudprod.blob.core.windows.net/pictures/50/P/139/076/0/136573,https://egluitistabcloudprod.blob.core.windows.net/pictures/50/P/139/076/0/125454,https://egluitistabcloudprod.blob.core.windows.net/pictures/50/P/139/076/0/91285,,,
TODO,"AUDI A6 4F 05-11, RELÆ DIVERSE",,AUDI,"0588848,0588849,0588882,0588883,0588ABB,0588ABC,0588ABS,0588ABT",B,1,TODO,350,350,https://egluitistabcloudprod.blob.core.windows.net/pictures/50/P/139/076/3/136575,https://egluitistabcloudprod.blob.core.windows.net/pictures/50/P/139/076/3/125456,https://egluitistabcloudprod.blob.core.windows.net/pictures/50/P/139/076/3/91287,,,
TODO,"AUDI A6 4F 05-11, RELÆ DIVERSE",,AUDI,"0588848,0588849,0588882,0588883,0588ABB,0588ABC,0588ABS,0588ABT",B,1,TODO,350,350,https://egluitistabcloudprod.blob.core.windows.net/pictures/50/P/139/076/9/136578,https://egluitistabcloudprod.blob.core.windows.net/pictures/50/P/139/076/9/125459,https://egluitistabcloudprod.blob.core.windows.net/pictures/50/P/139/076/9/91288,,,
TODO,"AUDI A6 4F 05-11, AIRBAG",,AUDI,"0588848,0588849,0588882,0588883,0588ABB,0588ABC,0588ABS,0588ABT",B,1,TODO,600,600,https://egluitistabcloudprod.blob.core.windows.net/pictures/50/P/139/077/2/136579,https://egluitistabcloudprod.blob.core.windows.net/pictures/50/P/139/077/2/125460,https://egluitistabcloudprod.blob.core.windows.net/pictures/50/P/139/077/2/91289,,,
TODO,"AUDI A6 4F 05-11, VISKERMOTOR",,AUDI,"0588848,0588849,0588882,0588883,0588ABB,0588ABC,0588ABS,0588ABT",B,1,TODO,350,350,https://egluitistabcloudprod.blob.core.windows.net/pictures/50/P/139/077/4/136580,https://egluitistabcloudprod.blob.core.windows.net/pictures/50/P/139/077/4/125461,https://egluitistabcloudprod.blob.core.windows.net/pictures/50/P/139/077/4/91290,,,
TODO,"AUDI A6 4F 05-11, VISKERTRÆK",,AUDI,"0588848,0588849,0588882,0588883,0588ABB,0588ABC,0588ABS,0588ABT",B,1,TODO,350,350,https://egluitistabcloudprod.blob.core.windows.net/pictures/50/P/139/077/6/136582,https://egluitistabcloudprod.blob.core.windows.net/pictures/50/P/139/077/6/125463,https://egluitistabcloudprod.blob.core.windows.net/pictures/50/P/139/077/6/91292,,,
TODO,"AUDI A6 4F 05-11, BENZIN/BRÆNDSTOF PUMPE EL",,AUDI,"0588848,0588849,0588882,0588883,0588ABB,0588ABC,0588ABS,0588ABT",B,1,TODO,500,500,https://egluitistabcloudprod.blob.core.windows.net/pictures/50/P/139/078/4/155655,https://egluitistabcloudprod.blob.core.windows.net/pictures/50/P/139/078/4/136590,https://egluitistabcloudprod.blob.core.windows.net/pictures/50/P/139/078/4/125471,https://egluitistabcloudprod.blob.core.windows.net/pictures/50/P/139/078/4/91388,https://egluitistabcloudprod.blob.core.windows.net/pictures/50/P/139/078/4/91300,
TODO,"AUDI A6 4F 05-11, LYGTEVISKERMOTOR",,AUDI,"0588848,0588849,0588882,0588883,0588ABB,0588ABC,0588ABS,0588ABT",B,1,TODO,350,350,https://egluitistabcloudprod.blob.core.windows.net/pictures/50/P/139/078/9/136593,https://egluitistabcloudprod.blob.core.windows.net/pictures/50/P/139/078/9/125474,https://egluitistabcloudprod.blob.core.windows.net/pictures/50/P/139/078/9/87766,,,
TODO,"AUDI A6 4F 05-11, LYGTEVISKERMOTOR",,AUDI,"0588848,0588849,0588882,0588883,0588ABB,0588ABC,0588ABS,0588ABT",B,1,TODO,350,350,https://egluitistabcloudprod.blob.core.windows.net/pictures/50/P/139/079/0/136594,https://egluitistabcloudprod.blob.core.windows.net/pictures/50/P/139/079/0/125475,https://egluitistabcloudprod.blob.core.windows.net/pictures/50/P/139/079/0/87767,,,
TODO,"AUDI A6 4F 05-11, RAT  TIL AIRBAG",,AUDI,"0588848,0588849,0588882,0588883,0588ABB,0588ABC,0588ABS,0588ABT",B,1,TODO,350,350,https://egluitistabcloudprod.blob.core.windows.net/pictures/50/P/139/080/1/136603,https://egluitistabcloudprod.blob.core.windows.net/pictures/50/P/139/080/1/125484,https://egluitistabcloudprod.blob.core.windows.net/pictures/50/P/139/080/1/91303,,,
TODO,"AUDI A6 4F 05-11, RELÆ DIVERSE",,AUDI,"0588848,0588849,0588882,0588883,0588ABB,0588ABC,0588ABS,0588ABT",B,1,TODO,800,800,https://egluitistabcloudprod.blob.core.windows.net/pictures/50/P/139/080/2/136604,https://egluitistabcloudprod.blob.core.windows.net/pictures/50/P/139/080/2/125485,https://egluitistabcloudprod.blob.core.windows.net/pictures/50/P/139/080/2/91304,,,
TODO,"AUDI A6 4F 05-11, INSTRUKTIONSBOG",,AUDI,"0588851,0588875,0588885,0588886,0588ABG,0588ABH,0588ABX,0588ABY",B,1,TODO,200,200,https://egluitistabcloudprod.blob.core.windows.net/pictures/50/P/139/587/3/138462,https://egluitistabcloudprod.blob.core.windows.net/pictures/50/P/139/587/3/91618,,,,
TODO,"AUDI A6 4F 05-11, SIDESPEJL EL",,AUDI,"0588851,0588875,0588885,0588886,0588ABG,0588ABH,0588ABX,0588ABY",B,1,TODO,400,400,https://egluitistabcloudprod.blob.core.windows.net/pictures/50/P/139/594/6/138472,https://egluitistabcloudprod.blob.core.windows.net/pictures/50/P/139/594/6/92429,,,,
TODO,"AUDI A6 4F 05-11, ABS PUMPE","4F0614517T01
",AUDI,"0588851,0588875,0588885,0588886,0588ABG,0588ABH,0588ABX,0588ABY",B,1,TODO,1500,1500,https://egluitistabcloudprod.blob.core.windows.net/pictures/50/P/139/595/4/156517,https://egluitistabcloudprod.blob.core.windows.net/pictures/50/P/139/595/4/138474,https://egluitistabcloudprod.blob.core.windows.net/pictures/50/P/139/595/4/91696,https://egluitistabcloudprod.blob.core.windows.net/pictures/50/P/139/595/4/91628,,
TODO,"AUDI A6 4F 05-11, RELÆ DIVERSE",,AUDI,"0588851,0588875,0588885,0588886,0588ABG,0588ABH,0588ABX,0588ABY",B,1,TODO,500,500,https://egluitistabcloudprod.blob.core.windows.net/pictures/50/P/139/596/3/138475,https://egluitistabcloudprod.blob.core.windows.net/pictures/50/P/139/596/3/91629,,,,
TODO,"AUDI A6 4F 05-11, RUDEMOTOR",,AUDI,"0588851,0588875,0588885,0588886,0588ABG,0588ABH,0588ABX,0588ABY",B,1,TODO,350,350,https://egluitistabcloudprod.blob.core.windows.net/pictures/50/P/139/596/5/156518,https://egluitistabcloudprod.blob.core.windows.net/pictures/50/P/139/596/5/138476,https://egluitistabcloudprod.blob.core.windows.net/pictures/50/P/139/596/5/92646,https://egluitistabcloudprod.blob.core.windows.net/pictures/50/P/139/596/5/92628,,
TODO,"AUDI A6 4F 05-11, RUDEMOTOR",,AUDI,"0588851,0588875,0588885,0588886,0588ABG,0588ABH,0588ABX,0588ABY",B,1,TODO,350,350,https://egluitistabcloudprod.blob.core.windows.net/pictures/50/P/139/597/1/156521,https://egluitistabcloudprod.blob.core.windows.net/pictures/50/P/139/597/1/138479,https://egluitistabcloudprod.blob.core.windows.net/pictures/50/P/139/597/1/106132,https://egluitistabcloudprod.blob.core.windows.net/pictures/50/P/139/597/1/106129,,
TODO,"AUDI A6 4F 05-11, RELÆ DIVERSE",,AUDI,"0588851,0588875,0588885,0588886,0588ABG,0588ABH,0588ABX,0588ABY",B,1,TODO,500,500,https://egluitistabcloudprod.blob.core.windows.net/pictures/50/P/139/599/6/138488,https://egluitistabcloudprod.blob.core.windows.net/pictures/50/P/139/599/6/91634,,,,
TODO,"AUDI A6 4F 05-11, VARMEBLÆSER",,AUDI,"0588851,0588875,0588885,0588886,0588ABG,0588ABH,0588ABX,0588ABY",B,1,TODO,450,450,https://egluitistabcloudprod.blob.core.windows.net/pictures/50/P/139/601/6/138489,https://egluitistabcloudprod.blob.core.windows.net/pictures/50/P/139/601/6/91635,,,,
TODO,"AUDI A6 4F 05-11, KATALYSATOR PUMPE",,AUDI,"0588851,0588875,0588885,0588886,0588ABG,0588ABH,0588ABX,0588ABY",B,1,TODO,500,500,https://egluitistabcloudprod.blob.core.windows.net/pictures/50/P/139/601/7/138490,https://egluitistabcloudprod.blob.core.windows.net/pictures/50/P/139/601/7/91636,,,,
TODO,"AUDI A6 4F 05-11, GEARSKIFTE AUTOMATIK","PANEL VED SIDEN AF GEARVÆLGER",AUDI,"0588851,0588875,0588885,0588886,0588ABG,0588ABH,0588ABX,0588ABY",B,1,TODO,350,350,https://egluitistabcloudprod.blob.core.windows.net/pictures/50/P/139/604/9/138497,https://egluitistabcloudprod.blob.core.windows.net/pictures/50/P/139/604/9/91639,,,,
TODO,"AUDI A6 4F 05-11, RUDEMOTOR",,AUDI,"0588AFX,0588AFY,0588AGI,0588AGJ",B,1,TODO,350,350,https://egluitistabcloudprod.blob.core.windows.net/pictures/50/P/141/833/3/163098,https://egluitistabcloudprod.blob.core.windows.net/pictures/50/P/141/833/3/159727,https://egluitistabcloudprod.blob.core.windows.net/pictures/50/P/141/833/3/146684,,,
TODO,"AUDI A6 4F 05-11, SIDESPEJL EL",,AUDI,"0588AFX,0588AFY,0588AGI,0588AGJ",B-,1,TODO,400,400,https://egluitistabcloudprod.blob.core.windows.net/pictures/50/P/141/833/4/159728,https://egluitistabcloudprod.blob.core.windows.net/pictures/50/P/141/833/4/146685,,,,
TODO,"AUDI A6 4F 05-11, RUDEMOTOR",,AUDI,"0588AFX,0588AFY,0588AGI,0588AGJ",B,1,TODO,350,350,https://egluitistabcloudprod.blob.core.windows.net/pictures/50/P/141/833/9/163101,https://egluitistabcloudprod.blob.core.windows.net/pictures/50/P/141/833/9/159731,https://egluitistabcloudprod.blob.core.windows.net/pictures/50/P/141/833/9/146689,,,
TODO,"AUDI A6 4F 05-11, ABS PUMPE",,AUDI,"0588AFX,0588AFY,0588AGI,0588AGJ",B,1,TODO,1500,1500,https://egluitistabcloudprod.blob.core.windows.net/pictures/50/P/141/983/5/163250,https://egluitistabcloudprod.blob.core.windows.net/pictures/50/P/141/983/5/160055,https://egluitistabcloudprod.blob.core.windows.net/pictures/50/P/141/983/5/147154,https://egluitistabcloudprod.blob.core.windows.net/pictures/50/P/141/983/5/107321,https://egluitistabcloudprod.blob.core.windows.net/pictures/50/P/141/983/5/107219,https://egluitistabcloudprod.blob.core.windows.net/pictures/50/P/141/983/5/107032
TODO,"AUDI A6 4F 05-11, GEARKASSE 6 GEAR",,AUDI,"0588AFX,0588AFY,0588AGI,0588AGJ",B1,1,TODO,6800,6800,https://egluitistabcloudprod.blob.core.windows.net/pictures/50/P/141/985/7/205630,https://egluitistabcloudprod.blob.core.windows.net/pictures/50/P/141/985/7/205619,https://egluitistabcloudprod.blob.core.windows.net/pictures/50/P/141/985/7/205608,,,
TODO,"AUDI A6 4F 05-11, NAVIGATION",,AUDI,"0588AFX,0588AFY,0588AGI,0588AGJ",B,1,TODO,2500,2500,https://egluitistabcloudprod.blob.core.windows.net/pictures/50/P/141/987/8/147172,https://egluitistabcloudprod.blob.core.windows.net/pictures/50/P/141/987/8/107043,,,,
TODO,"AUDI A6 4F 05-11, RADIO TILBEHØR",,AUDI,"0588AFX,0588AFY,0588AGI,0588AGJ",B,1,TODO,1000,1000,https://egluitistabcloudprod.blob.core.windows.net/pictures/50/P/141/988/1/160074,https://egluitistabcloudprod.blob.core.windows.net/pictures/50/P/141/988/1/147174,https://egluitistabcloudprod.blob.core.windows.net/pictures/50/P/141/988/1/107231,https://egluitistabcloudprod.blob.core.windows.net/pictures/50/P/141/988/1/107045,,
TODO,"AUDI A6 4F 05-11, RADIO TILBEHØR",,AUDI,"0588AFX,0588AFY,0588AGI,0588AGJ",B,1,TODO,1000,1000,https://egluitistabcloudprod.blob.core.windows.net/pictures/50/P/141/988/2/160075,https://egluitistabcloudprod.blob.core.windows.net/pictures/50/P/141/988/2/147175,https://egluitistabcloudprod.blob.core.windows.net/pictures/50/P/141/988/2/107232,https://egluitistabcloudprod.blob.core.windows.net/pictures/50/P/141/988/2/107046,,
TODO,"AUDI A6 4F 05-11, RELÆ DIVERSE",,AUDI,"0588AFX,0588AFY,0588AGI,0588AGJ",B,1,TODO,500,500,https://egluitistabcloudprod.blob.core.windows.net/pictures/50/P/141/989/1/147181,https://egluitistabcloudprod.blob.core.windows.net/pictures/50/P/141/989/1/107051,,,,
TODO,"AUDI A6 4F 05-11, RELÆ DIVERSE",,AUDI,"0588AFX,0588AFY,0588AGI,0588AGJ",B,1,TODO,350,350,https://egluitistabcloudprod.blob.core.windows.net/pictures/50/P/141/989/2/160080,https://egluitistabcloudprod.blob.core.windows.net/pictures/50/P/141/989/2/147182,https://egluitistabcloudprod.blob.core.windows.net/pictures/50/P/141/989/2/107236,https://egluitistabcloudprod.blob.core.windows.net/pictures/50/P/141/989/2/107052,,
TODO,"AUDI A6 4F 05-11, BENZIN/BRÆNDSTOF PUMPE EL",,AUDI,"0588AFX,0588AFY,0588AGI,0588AGJ",B,1,TODO,350,350,https://egluitistabcloudprod.blob.core.windows.net/pictures/50/P/141/989/6/160083,https://egluitistabcloudprod.blob.core.windows.net/pictures/50/P/141/989/6/147185,https://egluitistabcloudprod.blob.core.windows.net/pictures/50/P/141/989/6/107238,https://egluitistabcloudprod.blob.core.windows.net/pictures/50/P/141/989/6/107054,,
TODO,"AUDI A6 4F 05-11, RUDEMOTOR",,AUDI,"0588AFX,0588AFY,0588AGI,0588AGJ",B,1,TODO,350,350,https://egluitistabcloudprod.blob.core.windows.net/pictures/50/P/141/989/7/160084,https://egluitistabcloudprod.blob.core.windows.net/pictures/50/P/141/989/7/147186,https://egluitistabcloudprod.blob.core.windows.net/pictures/50/P/141/989/7/107239,https://egluitistabcloudprod.blob.core.windows.net/pictures/50/P/141/989/7/107055,,
TODO,"AUDI A6 4F 05-11, RUDEMOTOR",,AUDI,"0588AFX,0588AFY,0588AGI,0588AGJ",B,1,TODO,350,350,https://egluitistabcloudprod.blob.core.windows.net/pictures/50/P/141/989/8/164415,https://egluitistabcloudprod.blob.core.windows.net/pictures/50/P/141/989/8/163258,https://egluitistabcloudprod.blob.core.windows.net/pictures/50/P/141/989/8/160085,https://egluitistabcloudprod.blob.core.windows.net/pictures/50/P/141/989/8/147187,,
TODO,"AUDI A6 4F 05-11, SIDESPEJL EL",,AUDI,"0588AFX,0588AFY,0588AGI,0588AGJ",B,1,TODO,400,400,https://egluitistabcloudprod.blob.core.windows.net/pictures/50/P/141/990/6/160091,https://egluitistabcloudprod.blob.core.windows.net/pictures/50/P/141/990/6/147193,https://egluitistabcloudprod.blob.core.windows.net/pictures/50/P/141/990/6/107242,https://egluitistabcloudprod.blob.core.windows.net/pictures/50/P/141/990/6/107058,,
TODO,"AUDI A6 4F 05-11, TRÆKAKSEL FOR H.",,AUDI,"0588AFX,0588AFY,0588AGI,0588AGJ",B,1,TODO,800,800,https://egluitistabcloudprod.blob.core.windows.net/pictures/50/P/141/991/6/206451,https://egluitistabcloudprod.blob.core.windows.net/pictures/50/P/141/991/6/206408,https://egluitistabcloudprod.blob.core.windows.net/pictures/50/P/141/991/6/206359,,,
TODO,"AUDI A6 4F 05-11, INSTRUKTIONSBOG",,AUDI,"0588AFX,0588AFY,0588AGI,0588AGJ",B,1,TODO,200,200,https://egluitistabcloudprod.blob.core.windows.net/pictures/50/P/141/994/9/147199,https://egluitistabcloudprod.blob.core.windows.net/pictures/50/P/141/994/9/107062,,,,
TODO,"AUDI A6 4F 05-11, LUFTFILTER",,AUDI,"0588AFX,0588AFY,0588AGI,0588AGJ",B,1,TODO,450,450,https://egluitistabcloudprod.blob.core.windows.net/pictures/50/P/141/995/1/163262,https://egluitistabcloudprod.blob.core.windows.net/pictures/50/P/141/995/1/160096,https://egluitistabcloudprod.blob.core.windows.net/pictures/50/P/141/995/1/147200,https://egluitistabcloudprod.blob.core.windows.net/pictures/50/P/141/995/1/107328,https://egluitistabcloudprod.blob.core.windows.net/pictures/50/P/141/995/1/107245,https://egluitistabcloudprod.blob.core.windows.net/pictures/50/P/141/995/1/107063
TODO,"AUDI A6 4F 05-11, HUNDEGITTER",,AUDI,"0588AFX,0588AFY,0588AGI,0588AGJ",B,1,TODO,500,500,https://egluitistabcloudprod.blob.core.windows.net/pictures/50/P/141/996/0/147203,https://egluitistabcloudprod.blob.core.windows.net/pictures/50/P/141/996/0/107066,,,,
TODO,"AUDI A6 4F 05-11, HØJTTALER",,AUDI,"0588AFX,0588AFY,0588AGI,0588AGJ",B,1,TODO,400,400,https://egluitistabcloudprod.blob.core.windows.net/pictures/50/P/141/999/8/163271,https://egluitistabcloudprod.blob.core.windows.net/pictures/50/P/141/999/8/147222,https://egluitistabcloudprod.blob.core.windows.net/pictures/50/P/141/999/8/107330,https://egluitistabcloudprod.blob.core.windows.net/pictures/50/P/141/999/8/107069,,
TODO,"AUDI A6 4F 05-11, KONTAKT RUDEHEJS",,AUDI,"0588AFX,0588AFY,0588AGI,0588AGJ",B,1,TODO,250,250,https://egluitistabcloudprod.blob.core.windows.net/pictures/50/P/141/999/9/147223,https://egluitistabcloudprod.blob.core.windows.net/pictures/50/P/141/999/9/107070,,,,
TODO,"AUDI A6 4F 05-11, MOTOR","MOTOR NR:  BSG  -004124
TURBO DEFFEKT",AUDI,"0588881,0588893,0588899,0588900,0588ABP,0588ABQ,0588ACG,0588ACH",B1,1,TODO,16000,16000,https://egluitistabcloudprod.blob.core.windows.net/pictures/50/P/142/305/3/228921,https://egluitistabcloudprod.blob.core.windows.net/pictures/50/P/142/305/3/228909,https://egluitistabcloudprod.blob.core.windows.net/pictures/50/P/142/305/3/228895,https://egluitistabcloudprod.blob.core.windows.net/pictures/50/P/142/305/3/228881,,
TODO,"AUDI A6 4F 05-11, FORBRO KMPL.",,AUDI,"0588881,0588893,0588899,0588900,0588ABP,0588ABQ,0588ACG,0588ACH",B,1,TODO,1500,1500,https://egluitistabcloudprod.blob.core.windows.net/pictures/50/P/142/324/2/228796,https://egluitistabcloudprod.blob.core.windows.net/pictures/50/P/142/324/2/228755,,,,
TODO,"AUDI A6 4F 05-11, TRÆKAKSEL FOR V.",,AUDI,"0588881,0588893,0588899,0588900,0588ABP,0588ABQ,0588ACG,0588ACH",B,1,TODO,800,800,https://egluitistabcloudprod.blob.core.windows.net/pictures/50/P/142/324/3/229578,,,,,
TODO,"AUDI A6 4F 05-11, TRÆKAKSEL FOR H.",,AUDI,"0588881,0588893,0588899,0588900,0588ABP,0588ABQ,0588ACG,0588ACH",B,1,TODO,800,800,https://egluitistabcloudprod.blob.core.windows.net/pictures/50/P/142/324/4/229579,,,,,
TODO,"AUDI A6 4F 05-11, TRÆKAKSEL BAG V",,AUDI,"0588881,0588893,0588899,0588900,0588ABP,0588ABQ,0588ACG,0588ACH",B,1,TODO,800,800,https://egluitistabcloudprod.blob.core.windows.net/pictures/50/P/142/327/2/233342,https://egluitistabcloudprod.blob.core.windows.net/pictures/50/P/142/327/2/233274,,,,
TODO,"AUDI A6 4F 05-11, TRÆKAKSEL BAG H.",,AUDI,"0588881,0588893,0588899,0588900,0588ABP,0588ABQ,0588ACG,0588ACH",B,1,TODO,800,800,https://egluitistabcloudprod.blob.core.windows.net/pictures/50/P/142/327/3/237427,https://egluitistabcloudprod.blob.core.windows.net/pictures/50/P/142/327/3/237382,https://egluitistabcloudprod.blob.core.windows.net/pictures/50/P/142/327/3/233343,https://egluitistabcloudprod.blob.core.windows.net/pictures/50/P/142/327/3/233275,,
TODO,"AUDI A6 4F 05-11, CENTRALLÅS EL.",,AUDI,"0588881,0588893,0588899,0588900,0588ABP,0588ABQ,0588ACG,0588ACH",B,1,TODO,350,350,https://egluitistabcloudprod.blob.core.windows.net/pictures/50/P/142/330/8/190061,https://egluitistabcloudprod.blob.core.windows.net/pictures/50/P/142/330/8/189649,https://egluitistabcloudprod.blob.core.windows.net/pictures/50/P/142/330/8/189163,,,
TODO,"AUDI A6 4F 05-11, VISKERMOTOR",,AUDI,"0588881,0588893,0588899,0588900,0588ABP,0588ABQ,0588ACG,0588ACH",B,1,TODO,350,350,https://egluitistabcloudprod.blob.core.windows.net/pictures/50/P/142/338/6/160991,https://egluitistabcloudprod.blob.core.windows.net/pictures/50/P/142/338/6/148378,https://egluitistabcloudprod.blob.core.windows.net/pictures/50/P/142/338/6/111822,https://egluitistabcloudprod.blob.core.windows.net/pictures/50/P/142/338/6/111620,,
TODO,"AUDI A6 4F 05-11, VISKERTRÆK",,AUDI,"0588881,0588893,0588899,0588900,0588ABP,0588ABQ,0588ACG,0588ACH",B,1,TODO,350,350,https://egluitistabcloudprod.blob.core.windows.net/pictures/50/P/142/338/7/163687,https://egluitistabcloudprod.blob.core.windows.net/pictures/50/P/142/338/7/160992,https://egluitistabcloudprod.blob.core.windows.net/pictures/50/P/142/338/7/148379,https://egluitistabcloudprod.blob.core.windows.net/pictures/50/P/142/338/7/111975,https://egluitistabcloudprod.blob.core.windows.net/pictures/50/P/142/338/7/111823,https://egluitistabcloudprod.blob.core.windows.net/pictures/50/P/142/338/7/111621
TODO,"AUDI A6 4F 05-11, SOLTAGSMOTOR",,AUDI,"0588881,0588893,0588899,0588900,0588ABP,0588ABQ,0588ACG,0588ACH",B,1,TODO,400,400,https://egluitistabcloudprod.blob.core.windows.net/pictures/50/P/142/339/0/164603,https://egluitistabcloudprod.blob.core.windows.net/pictures/50/P/142/339/0/163688,https://egluitistabcloudprod.blob.core.windows.net/pictures/50/P/142/339/0/160994,https://egluitistabcloudprod.blob.core.windows.net/pictures/50/P/142/339/0/148382,https://egluitistabcloudprod.blob.core.windows.net/pictures/50/P/142/339/0/112053,https://egluitistabcloudprod.blob.core.windows.net/pictures/50/P/142/339/0/111976,https://egluitistabcloudprod.blob.core.windows.net/pictures/50/P/142/339/0/111824,https://egluitistabcloudprod.blob.core.windows.net/pictures/50/P/142/339/0/111623
TODO,"AUDI A6 4F 05-11, INJECTION ELBOKS",4F0907401B,AUDI,"0588881,0588893,0588899,0588900,0588ABP,0588ABQ,0588ACG,0588ACH",B,1,TODO,1200,1200,https://egluitistabcloudprod.blob.core.windows.net/pictures/50/P/142/339/1/164604,https://egluitistabcloudprod.blob.core.windows.net/pictures/50/P/142/339/1/163689,https://egluitistabcloudprod.blob.core.windows.net/pictures/50/P/142/339/1/160995,https://egluitistabcloudprod.blob.core.windows.net/pictures/50/P/142/339/1/148383,https://egluitistabcloudprod.blob.core.windows.net/pictures/50/P/142/339/1/112054,https://egluitistabcloudprod.blob.core.windows.net/pictures/50/P/142/339/1/111977,https://egluitistabcloudprod.blob.core.windows.net/pictures/50/P/142/339/1/111825,https://egluitistabcloudprod.blob.core.windows.net/pictures/50/P/142/339/1/111624
TODO,"AUDI A6 4F 05-11, VARMEREGULERING",,AUDI,"0588881,0588893,0588899,0588900,0588ABP,0588ABQ,0588ACG,0588ACH",B,1,TODO,500,500,https://egluitistabcloudprod.blob.core.windows.net/pictures/50/P/142/339/2/163690,https://egluitistabcloudprod.blob.core.windows.net/pictures/50/P/142/339/2/160996,https://egluitistabcloudprod.blob.core.windows.net/pictures/50/P/142/339/2/148384,https://egluitistabcloudprod.blob.core.windows.net/pictures/50/P/142/339/2/111978,https://egluitistabcloudprod.blob.core.windows.net/pictures/50/P/142/339/2/111826,https://egluitistabcloudprod.blob.core.windows.net/pictures/50/P/142/339/2/111625
TODO,"AUDI A6 4F 05-11, INSTRUMENT MED OMDR.",,AUDI,"0588881,0588893,0588899,0588900,0588ABP,0588ABQ,0588ACG,0588ACH",B,1,TODO,1000,1000,https://egluitistabcloudprod.blob.core.windows.net/pictures/50/P/142/339/5/163691,https://egluitistabcloudprod.blob.core.windows.net/pictures/50/P/142/339/5/160998,https://egluitistabcloudprod.blob.core.windows.net/pictures/50/P/142/339/5/148386,https://egluitistabcloudprod.blob.core.windows.net/pictures/50/P/142/339/5/111979,https://egluitistabcloudprod.blob.core.windows.net/pictures/50/P/142/339/5/111828,https://egluitistabcloudprod.blob.core.windows.net/pictures/50/P/142/339/5/111627
TODO,"AUDI A6 4F 05-11, NAVIGATION",,AUDI,"0588881,0588893,0588899,0588900,0588ABP,0588ABQ,0588ACG,0588ACH",B,1,TODO,2500,2500,https://egluitistabcloudprod.blob.core.windows.net/pictures/50/P/142/339/7/163693,https://egluitistabcloudprod.blob.core.windows.net/pictures/50/P/142/339/7/161000,https://egluitistabcloudprod.blob.core.windows.net/pictures/50/P/142/339/7/148388,https://egluitistabcloudprod.blob.core.windows.net/pictures/50/P/142/339/7/111980,https://egluitistabcloudprod.blob.core.windows.net/pictures/50/P/142/339/7/111829,https://egluitistabcloudprod.blob.core.windows.net/pictures/50/P/142/339/7/111628
TODO,"AUDI A6 4F 05-11, EKSPANTIONSBEHOLDER",,AUDI,"0588881,0588893,0588899,0588900,0588ABP,0588ABQ,0588ACG,0588ACH",B,1,TODO,250,250,https://egluitistabcloudprod.blob.core.windows.net/pictures/50/P/142/340/6/161004,https://egluitistabcloudprod.blob.core.windows.net/pictures/50/P/142/340/6/148392,https://egluitistabcloudprod.blob.core.windows.net/pictures/50/P/142/340/6/111833,https://egluitistabcloudprod.blob.core.windows.net/pictures/50/P/142/340/6/111632,,
TODO,"AUDI A6 4F 05-11, KØLER INTERCOOLER",,AUDI,"0588881,0588893,0588899,0588900,0588ABP,0588ABQ,0588ACG,0588ACH",B,1,TODO,400,400,https://egluitistabcloudprod.blob.core.windows.net/pictures/50/P/142/341/2/161006,https://egluitistabcloudprod.blob.core.windows.net/pictures/50/P/142/341/2/148394,https://egluitistabcloudprod.blob.core.windows.net/pictures/50/P/142/341/2/111835,https://egluitistabcloudprod.blob.core.windows.net/pictures/50/P/142/341/2/111634,,
TODO,"AUDI A6 4F 05-11, LOFTSLYS",,AUDI,"0588881,0588893,0588899,0588900,0588ABP,0588ABQ,0588ACG,0588ACH",B,1,TODO,300,300,https://egluitistabcloudprod.blob.core.windows.net/pictures/50/P/142/341/3/163696,https://egluitistabcloudprod.blob.core.windows.net/pictures/50/P/142/341/3/161007,https://egluitistabcloudprod.blob.core.windows.net/pictures/50/P/142/341/3/148395,https://egluitistabcloudprod.blob.core.windows.net/pictures/50/P/142/341/3/111983,https://egluitistabcloudprod.blob.core.windows.net/pictures/50/P/142/341/3/111836,https://egluitistabcloudprod.blob.core.windows.net/pictures/50/P/142/341/3/111635
TODO,"AUDI A6 4F 05-11, NAVIGATION",,AUDI,"0588881,0588893,0588899,0588900,0588ABP,0588ABQ,0588ACG,0588ACH",B,1,TODO,2500,2500,https://egluitistabcloudprod.blob.core.windows.net/pictures/50/P/142/341/5/163697,https://egluitistabcloudprod.blob.core.windows.net/pictures/50/P/142/341/5/161008,https://egluitistabcloudprod.blob.core.windows.net/pictures/50/P/142/341/5/148396,https://egluitistabcloudprod.blob.core.windows.net/pictures/50/P/142/341/5/111984,https://egluitistabcloudprod.blob.core.windows.net/pictures/50/P/142/341/5/111837,https://egluitistabcloudprod.blob.core.windows.net/pictures/50/P/142/341/5/111636
TODO,"AUDI A6 4F 05-11, RELÆ DIVERSE",,AUDI,"0588881,0588893,0588899,0588900,0588ABP,0588ABQ,0588ACG,0588ACH",B,1,TODO,500,500,https://egluitistabcloudprod.blob.core.windows.net/pictures/50/P/142/342/0/164607,https://egluitistabcloudprod.blob.core.windows.net/pictures/50/P/142/342/0/163701,https://egluitistabcloudprod.blob.core.windows.net/pictures/50/P/142/342/0/161012,https://egluitistabcloudprod.blob.core.windows.net/pictures/50/P/142/342/0/148400,https://egluitistabcloudprod.blob.core.windows.net/pictures/50/P/142/342/0/112057,https://egluitistabcloudprod.blob.core.windows.net/pictures/50/P/142/342/0/111988,https://egluitistabcloudprod.blob.core.windows.net/pictures/50/P/142/342/0/111841,https://egluitistabcloudprod.blob.core.windows.net/pictures/50/P/142/342/0/111640
TODO,"AUDI A6 4F 05-11, RADIO TILBEHØR",,AUDI,"0588881,0588893,0588899,0588900,0588ABP,0588ABQ,0588ACG,0588ACH",B,1,TODO,1200,1200,https://egluitistabcloudprod.blob.core.windows.net/pictures/50/P/142/342/1/164608,https://egluitistabcloudprod.blob.core.windows.net/pictures/50/P/142/342/1/163702,https://egluitistabcloudprod.blob.core.windows.net/pictures/50/P/142/342/1/161013,https://egluitistabcloudprod.blob.core.windows.net/pictures/50/P/142/342/1/148401,https://egluitistabcloudprod.blob.core.windows.net/pictures/50/P/142/342/1/112058,https://egluitistabcloudprod.blob.core.windows.net/pictures/50/P/142/342/1/111989,https://egluitistabcloudprod.blob.core.windows.net/pictures/50/P/142/342/1/111842,https://egluitistabcloudprod.blob.core.windows.net/pictures/50/P/142/342/1/111641
TODO,"AUDI A6 4F 05-11, HANDSKERUM",,AUDI,"0588881,0588893,0588899,0588900,0588ABP,0588ABQ,0588ACG,0588ACH",B,1,TODO,600,600,https://egluitistabcloudprod.blob.core.windows.net/pictures/50/P/142/342/3/161015,https://egluitistabcloudprod.blob.core.windows.net/pictures/50/P/142/342/3/148403,https://egluitistabcloudprod.blob.core.windows.net/pictures/50/P/142/342/3/111844,https://egluitistabcloudprod.blob.core.windows.net/pictures/50/P/142/342/3/111643,,
TODO,"AUDI A6 4F 05-11, TÅGELYGTE FOR",,AUDI,"0588881,0588893,0588899,0588900,0588ABP,0588ABQ,0588ACG,0588ACH",B,1,TODO,150,150,https://egluitistabcloudprod.blob.core.windows.net/pictures/50/P/142/342/7/161018,https://egluitistabcloudprod.blob.core.windows.net/pictures/50/P/142/342/7/148406,https://egluitistabcloudprod.blob.core.windows.net/pictures/50/P/142/342/7/111845,https://egluitistabcloudprod.blob.core.windows.net/pictures/50/P/142/342/7/111644,,
TODO,"AUDI A6 4F 05-11, TÅGELYGTE FOR",,AUDI,"0588881,0588893,0588899,0588900,0588ABP,0588ABQ,0588ACG,0588ACH",B,1,TODO,150,150,https://egluitistabcloudprod.blob.core.windows.net/pictures/50/P/142/342/8/161019,https://egluitistabcloudprod.blob.core.windows.net/pictures/50/P/142/342/8/148407,https://egluitistabcloudprod.blob.core.windows.net/pictures/50/P/142/342/8/111846,https://egluitistabcloudprod.blob.core.windows.net/pictures/50/P/142/342/8/111645,,
TODO,"AUDI A6 4F 05-11, RELÆ DIVERSE",,AUDI,"0588881,0588893,0588899,0588900,0588ABP,0588ABQ,0588ACG,0588ACH",B,1,TODO,500,500,https://egluitistabcloudprod.blob.core.windows.net/pictures/50/P/142/752/9/167655,https://egluitistabcloudprod.blob.core.windows.net/pictures/50/P/142/752/9/167575,,,,
TODO,"AUDI A6 4F 05-11, RELÆ DIVERSE",,AUDI,"0588881,0588893,0588899,0588900,0588ABP,0588ABQ,0588ACG,0588ACH",B,1,TODO,500,500,https://egluitistabcloudprod.blob.core.windows.net/pictures/50/P/142/753/2/167657,https://egluitistabcloudprod.blob.core.windows.net/pictures/50/P/142/753/2/167577,,,,
TODO,"AUDI A6 4F 05-11, GEARKASSE 4 X 4","09L300041BX  PART L",AUDI,"0588AAS,0588ABA",B1,1,TODO,8500,8500,https://egluitistabcloudprod.blob.core.windows.net/pictures/50/P/144/825/2/192582,https://egluitistabcloudprod.blob.core.windows.net/pictures/50/P/144/825/2/192573,https://egluitistabcloudprod.blob.core.windows.net/pictures/50/P/144/825/2/192564,,,
TODO,"AUDI A6 4F 05-11, TRÆKAKSEL FOR V.","4F0407451X  PART L
4F0407271J  PART L",AUDI,"0588AAS,0588ABA",B,1,TODO,800,800,https://egluitistabcloudprod.blob.core.windows.net/pictures/50/P/144/825/7/187182,,,,,
TODO,"AUDI A6 4F 05-11, TRÆKAKSEL FOR H.","4F0407452X  PART L
4F0407272J  PART L",AUDI,"0588AAS,0588ABA",B,1,TODO,800,800,https://egluitistabcloudprod.blob.core.windows.net/pictures/50/P/144/825/8/187183,,,,,
TODO,"AUDI A6 4F 05-11, INJECTION ELBOKS","0281014376
4F9910401BX PART L",AUDI,"0588AAS,0588ABA",B,1,TODO,1200,1200,https://egluitistabcloudprod.blob.core.windows.net/pictures/50/P/144/826/1/187406,https://egluitistabcloudprod.blob.core.windows.net/pictures/50/P/144/826/1/187184,,,,
TODO,"AUDI A6 4F 05-11, SIDESPEJL EL","7 LEDN.
4F1858531M01C  PART L",AUDI,"0588AAS,0588ABA",B,1,TODO,400,400,https://egluitistabcloudprod.blob.core.windows.net/pictures/50/P/144/832/3/185752,https://egluitistabcloudprod.blob.core.windows.net/pictures/50/P/144/832/3/185527,,,,
TODO,"AUDI A6 4F 05-11, CENTRALLÅS EL.","4F1837016  PART L",AUDI,"0588AAS,0588ABA",B,1,TODO,350,350,https://egluitistabcloudprod.blob.core.windows.net/pictures/50/P/144/833/2/186964,https://egluitistabcloudprod.blob.core.windows.net/pictures/50/P/144/833/2/186843,https://egluitistabcloudprod.blob.core.windows.net/pictures/50/P/144/833/2/186679,,,
TODO,"AUDI A6 4F 05-11, RELÆ DIVERSE",4F0919283F,AUDI,"0588AAS,0588ABA",B,1,TODO,500,500,https://egluitistabcloudprod.blob.core.windows.net/pictures/50/P/144/835/4/187408,https://egluitistabcloudprod.blob.core.windows.net/pictures/50/P/144/835/4/187317,https://egluitistabcloudprod.blob.core.windows.net/pictures/50/P/144/835/4/187188,,,
TODO,"AUDI A6 4F 05-11, RELÆ DIVERSE",4F0907289J,AUDI,"0588AAS,0588ABA",B,1,TODO,500,500,https://egluitistabcloudprod.blob.core.windows.net/pictures/50/P/144/835/6/187319,https://egluitistabcloudprod.blob.core.windows.net/pictures/50/P/144/835/6/187190,,,,
TODO,"AUDI A6 4F 05-11, RADIO TILBEHØR",4F0910223K,AUDI,"0588AAS,0588ABA",B,1,TODO,1000,1000,https://egluitistabcloudprod.blob.core.windows.net/pictures/50/P/144/835/7/187410,https://egluitistabcloudprod.blob.core.windows.net/pictures/50/P/144/835/7/187320,https://egluitistabcloudprod.blob.core.windows.net/pictures/50/P/144/835/7/187191,,,
TODO,"AUDI A6 4F 05-11, NAVIGATION",4E0919887M,AUDI,"0588AAS,0588ABA",B,1,TODO,2500,2500,https://egluitistabcloudprod.blob.core.windows.net/pictures/50/P/144/835/9/187442,https://egluitistabcloudprod.blob.core.windows.net/pictures/50/P/144/835/9/187411,https://egluitistabcloudprod.blob.core.windows.net/pictures/50/P/144/835/9/187321,https://egluitistabcloudprod.blob.core.windows.net/pictures/50/P/144/835/9/187192,,
TODO,"AUDI A6 4F 05-11, NAVIGATION","4F0919603B
8T0919603C  PART L",AUDI,"0588AAS,0588ABA",B,1,TODO,2500,2500,https://egluitistabcloudprod.blob.core.windows.net/pictures/50/P/144/840/4/187330,https://egluitistabcloudprod.blob.core.windows.net/pictures/50/P/144/840/4/187201,,,,
TODO,"AUDI A6 4F 05-11, AIRBAG ELBOKS","4F0910655E  PARTLINK",AUDI,"0588AAS,0588ABA",B,1,TODO,800,800,https://egluitistabcloudprod.blob.core.windows.net/pictures/50/P/144/841/2/187416,https://egluitistabcloudprod.blob.core.windows.net/pictures/50/P/144/841/2/187332,https://egluitistabcloudprod.blob.core.windows.net/pictures/50/P/144/841/2/187203,,,
TODO,"AUDI A6 4F 05-11, SOLTAGSMOTOR","4B0959591K  PART L",AUDI,"0588AAS,0588ABA",B,1,TODO,400,400,https://egluitistabcloudprod.blob.core.windows.net/pictures/50/P/144/841/3/187417,https://egluitistabcloudprod.blob.core.windows.net/pictures/50/P/144/841/3/187333,https://egluitistabcloudprod.blob.core.windows.net/pictures/50/P/144/841/3/187204,,,
TODO,"AUDI A6 4F 05-11, ARMLÆN","4F0864245R LÅG PART L
4F0864209 NED.DEL PART L",AUDI,"0588AAS,0588ABA",B,1,TODO,400,400,https://egluitistabcloudprod.blob.core.windows.net/pictures/50/P/144/841/4/187334,https://egluitistabcloudprod.blob.core.windows.net/pictures/50/P/144/841/4/187205,,,,
TODO,"AUDI A6 4F 05-11, ESP","8E0907637B PART L",AUDI,"0588AAS,0588ABA",B,1,TODO,500,500,https://egluitistabcloudprod.blob.core.windows.net/pictures/50/P/144/842/2/187419,https://egluitistabcloudprod.blob.core.windows.net/pictures/50/P/144/842/2/187336,https://egluitistabcloudprod.blob.core.windows.net/pictures/50/P/144/842/2/187207,,,
TODO,"AUDI A6 4F 05-11, UDSTØDNING","4F0253409AB
4F0253609AB
4F0253610AB

",AUDI,"0588AAS,0588ABA",B,1,TODO,600,600,https://egluitistabcloudprod.blob.core.windows.net/pictures/50/P/144/846/6/242883,https://egluitistabcloudprod.blob.core.windows.net/pictures/50/P/144/846/6/242881,https://egluitistabcloudprod.blob.core.windows.net/pictures/50/P/144/846/6/242878,https://egluitistabcloudprod.blob.core.windows.net/pictures/50/P/144/846/6/242874,,
TODO,"AUDI A6 4F 05-11, LOFTSLYS",,AUDI,"0588AAS,0588ABA",B,1,TODO,300,300,https://egluitistabcloudprod.blob.core.windows.net/pictures/50/P/144/847/7/187420,https://egluitistabcloudprod.blob.core.windows.net/pictures/50/P/144/847/7/187337,https://egluitistabcloudprod.blob.core.windows.net/pictures/50/P/144/847/7/187208,,,
TODO,"AUDI A6 4F 05-11, FÆLGE ALUMINIUM","4F0601025AC
7X17 ET42",AUDI,"0588AAS,0588ABA",B,1,TODO,250,250,https://egluitistabcloudprod.blob.core.windows.net/pictures/50/P/144/862/1/186108,,,,,
TODO,"AUDI A6 4F 05-11, FÆLGE ALUMINIUM","4F0601025AC
7X17 ET42",AUDI,"0588AAS,0588ABA",B,1,TODO,250,250,https://egluitistabcloudprod.blob.core.windows.net/pictures/50/P/144/862/2/186109,,,,,
TODO,"AUDI A6 4F 05-11, FÆLGE ALUMINIUM","4F0601025AC
7X17 ET42",AUDI,"0588AAS,0588ABA",B,1,TODO,250,250,https://egluitistabcloudprod.blob.core.windows.net/pictures/50/P/144/862/3/186110,,,,,
TODO,"AUDI A6 4F 05-11, FÆLGE ALUMINIUM","4F0601025AC
7X17 ET42",AUDI,"0588AAS,0588ABA",B,1,TODO,250,250,https://egluitistabcloudprod.blob.core.windows.net/pictures/50/P/144/862/4/186111,,,,,
TODO,"AUDI A6 4F 05-11, VARMEREGULERING","M.DOBB AC
4F1820043AL",AUDI,"0588AJQ,0588AJR",B,1,TODO,500,500,https://egluitistabcloudprod.blob.core.windows.net/pictures/50/P/145/037/7/188584,https://egluitistabcloudprod.blob.core.windows.net/pictures/50/P/145/037/7/188309,https://egluitistabcloudprod.blob.core.windows.net/pictures/50/P/145/037/7/187960,,,
TODO,"AUDI A6 4F 05-11, NAVIGATION","SKÆRM
8T0919604",AUDI,"0588AJQ,0588AJR",B,1,TODO,2500,2500,https://egluitistabcloudprod.blob.core.windows.net/pictures/50/P/145/038/1/188313,https://egluitistabcloudprod.blob.core.windows.net/pictures/50/P/145/038/1/187964,,,,
TODO,"AUDI A6 4F 05-11, FÆLGE ALUMINIUM SÆT","7,5X17/ET 45
1 FÆLG HAR KANTSTENSRIDSE",AUDI,"0588AJQ,0588AJR",B,1,TODO,2000,2000,https://egluitistabcloudprod.blob.core.windows.net/pictures/50/P/145/038/3/187966,,,,,
TODO,"AUDI A6 4F 05-11, RUDEMOTOR","8K0959802A/KUN MOT
2 BEN I STIK",AUDI,"0588AJQ,0588AJR",B,1,TODO,300,300,https://egluitistabcloudprod.blob.core.windows.net/pictures/50/P/145/039/2/187840,https://egluitistabcloudprod.blob.core.windows.net/pictures/50/P/145/039/2/187822,,,,
TODO,"AUDI A6 4F 05-11, RUDEMOTOR",,AUDI,"0588AJQ,0588AJR",B,1,TODO,300,300,https://egluitistabcloudprod.blob.core.windows.net/pictures/50/P/145/039/3/196886,https://egluitistabcloudprod.blob.core.windows.net/pictures/50/P/145/039/3/196875,https://egluitistabcloudprod.blob.core.windows.net/pictures/50/P/145/039/3/196854,,,
TODO,"AUDI A6 4F 05-11, RUDEMOTOR",,AUDI,"0588AJQ,0588AJR",B,1,TODO,300,300,https://egluitistabcloudprod.blob.core.windows.net/pictures/50/P/145/039/4/202334,https://egluitistabcloudprod.blob.core.windows.net/pictures/50/P/145/039/4/202199,https://egluitistabcloudprod.blob.core.windows.net/pictures/50/P/145/039/4/202026,,,
TODO,"AUDI A6 4F 05-11, CENTRALLÅS EL.",,AUDI,"0588AJQ,0588AJR",B,1,TODO,350,350,https://egluitistabcloudprod.blob.core.windows.net/pictures/50/P/145/039/5/194636,https://egluitistabcloudprod.blob.core.windows.net/pictures/50/P/145/039/5/194538,https://egluitistabcloudprod.blob.core.windows.net/pictures/50/P/145/039/5/194396,,,
TODO,"AUDI A6 4F 05-11, CENTRALLÅS EL.",4F5827505,AUDI,"0588AJQ,0588AJR",B,1,TODO,350,350,https://egluitistabcloudprod.blob.core.windows.net/pictures/50/P/145/039/9/225980,https://egluitistabcloudprod.blob.core.windows.net/pictures/50/P/145/039/9/225961,https://egluitistabcloudprod.blob.core.windows.net/pictures/50/P/145/039/9/225934,https://egluitistabcloudprod.blob.core.windows.net/pictures/50/P/145/039/9/225900,,
TODO,"AUDI A6 4F 05-11, TRÆKAKSEL FOR H.",,AUDI,"0588AJQ,0588AJR",B,1,TODO,800,800,https://egluitistabcloudprod.blob.core.windows.net/pictures/50/P/145/041/8/229846,https://egluitistabcloudprod.blob.core.windows.net/pictures/50/P/145/041/8/229590,,,,
TODO,"AUDI A6 4F 05-11, TRÆKAKSEL FOR V.",,AUDI,"0588AJQ,0588AJR",B,1,TODO,800,800,https://egluitistabcloudprod.blob.core.windows.net/pictures/50/P/145/041/9/229847,https://egluitistabcloudprod.blob.core.windows.net/pictures/50/P/145/041/9/229591,,,,
TODO,"AUDI A6 4F 05-11, TRÆKAKSEL BAG H.",,AUDI,"0588AJQ,0588AJR",B,1,TODO,800,800,https://egluitistabcloudprod.blob.core.windows.net/pictures/50/P/145/042/0/229848,https://egluitistabcloudprod.blob.core.windows.net/pictures/50/P/145/042/0/229592,,,,
TODO,"AUDI A6 4F 05-11, TRÆKAKSEL BAG V",,AUDI,"0588AJQ,0588AJR",B,1,TODO,800,800,https://egluitistabcloudprod.blob.core.windows.net/pictures/50/P/145/042/1/229849,https://egluitistabcloudprod.blob.core.windows.net/pictures/50/P/145/042/1/229593,,,,
TODO,"AUDI A6 4F 05-11, BAGTØJSKLUMP","0AR525053
0AR500043R PARTSLINK",AUDI,"0588AJQ,0588AJR",B,1,TODO,2500,2500,https://egluitistabcloudprod.blob.core.windows.net/pictures/50/P/145/042/3/229434,https://egluitistabcloudprod.blob.core.windows.net/pictures/50/P/145/042/3/229398,https://egluitistabcloudprod.blob.core.windows.net/pictures/50/P/145/042/3/229355,,,
TODO,"AUDI A6 4F 05-11, VISKERTRÆK",,AUDI,"0588AJQ,0588AJR",B,1,TODO,350,350,https://egluitistabcloudprod.blob.core.windows.net/pictures/50/P/145/042/9/188315,https://egluitistabcloudprod.blob.core.windows.net/pictures/50/P/145/042/9/187968,,,,
TODO,"AUDI A6 4F 05-11, VISKERMOTOR",4F1955119D,AUDI,"0588AJQ,0588AJR",B,1,TODO,350,350,https://egluitistabcloudprod.blob.core.windows.net/pictures/50/P/145/043/0/188588,https://egluitistabcloudprod.blob.core.windows.net/pictures/50/P/145/043/0/188316,https://egluitistabcloudprod.blob.core.windows.net/pictures/50/P/145/043/0/187969,,,
TODO,"AUDI A6 4F 05-11, ABS PUMPE",4F0614517BA,AUDI,"0588AJQ,0588AJR",B,1,TODO,3000,3000,https://egluitistabcloudprod.blob.core.windows.net/pictures/50/P/145/043/2/188589,https://egluitistabcloudprod.blob.core.windows.net/pictures/50/P/145/043/2/188317,https://egluitistabcloudprod.blob.core.windows.net/pictures/50/P/145/043/2/187970,,,
TODO,"AUDI A6 4F 05-11, INJECTION ELBOKS",4F1910551,AUDI,"0588AJQ,0588AJR",B,1,TODO,1200,1200,https://egluitistabcloudprod.blob.core.windows.net/pictures/50/P/145/043/4/188591,https://egluitistabcloudprod.blob.core.windows.net/pictures/50/P/145/043/4/188319,https://egluitistabcloudprod.blob.core.windows.net/pictures/50/P/145/043/4/187972,,,
TODO,"AUDI A6 4F 05-11, GEARKASSE  AUTOMATIC","MCC
HUS TIL OPHÆNG DEFEKT, SKAL SKIFTES",AUDI,"0588AJQ,0588AJR",C,1,TODO,8500,8500,https://egluitistabcloudprod.blob.core.windows.net/pictures/50/P/145/043/5/239961,https://egluitistabcloudprod.blob.core.windows.net/pictures/50/P/145/043/5/239916,https://egluitistabcloudprod.blob.core.windows.net/pictures/50/P/145/043/5/239851,https://egluitistabcloudprod.blob.core.windows.net/pictures/50/P/145/043/5/239781,,
TODO,"AUDI A6 4F 05-11, MOTOR","MOTOR NR:  CAJ - 018903
CAJA/KOMP 6X11
HUS TIL HØJTRYKSPUMPE DEFEKT.
TERMOSTATHUS DEFEKT
HØJRE TOPDÆKSEL DEFEKT
GENERATOR OPH. SVEJST",AUDI,"0588AJQ,0588AJR",B1,1,TODO,20000,20000,https://egluitistabcloudprod.blob.core.windows.net/pictures/50/P/145/043/6/232586,https://egluitistabcloudprod.blob.core.windows.net/pictures/50/P/145/043/6/232575,https://egluitistabcloudprod.blob.core.windows.net/pictures/50/P/145/043/6/232563,https://egluitistabcloudprod.blob.core.windows.net/pictures/50/P/145/043/6/232551,,
TODO,"AUDI A6 4F 05-11, RUDEMOTOR","4F0959802D  PART LINK",AUDI,"0588AAS,0588ABA",B,1,TODO,350,350,https://egluitistabcloudprod.blob.core.windows.net/pictures/50/P/145/167/4/188709,https://egluitistabcloudprod.blob.core.windows.net/pictures/50/P/145/167/4/188536,https://egluitistabcloudprod.blob.core.windows.net/pictures/50/P/145/167/4/188227,,,
TODO,"AUDI A6 4F 05-11, RUDEMOTOR","4F0959801F  PART L",AUDI,"0588AAS,0588ABA",B,1,TODO,350,350,https://egluitistabcloudprod.blob.core.windows.net/pictures/50/P/145/218/6/189885,https://egluitistabcloudprod.blob.core.windows.net/pictures/50/P/145/218/6/189430,,,,
TODO,"AUDI A6 4F 05-11, RUDEMOTOR","4F0959802F/KUN MOT  PART LINK",AUDI,"0588AAS,0588ABA",B,1,TODO,350,350,https://egluitistabcloudprod.blob.core.windows.net/pictures/50/P/145/417/9/191148,https://egluitistabcloudprod.blob.core.windows.net/pictures/50/P/145/417/9/191062,,,,
TODO,"AUDI A6 4F 05-11, MOTOR",,AUDI,"0588854,0588892,0588ABL,0588ACC",B1,1,TODO,28000,28000,https://egluitistabcloudprod.blob.core.windows.net/pictures/50/P/145/735/3/249502,https://egluitistabcloudprod.blob.core.windows.net/pictures/50/P/145/735/3/249488,https://egluitistabcloudprod.blob.core.windows.net/pictures/50/P/145/735/3/249458,https://egluitistabcloudprod.blob.core.windows.net/pictures/50/P/145/735/3/249420,,
TODO,"AUDI A6 4F 05-11, TRÆKAKSEL FOR V.",,AUDI,"0588854,0588892,0588ABL,0588ACC",B,1,TODO,800,800,https://egluitistabcloudprod.blob.core.windows.net/pictures/50/P/145/735/4/249746,https://egluitistabcloudprod.blob.core.windows.net/pictures/50/P/145/735/4/249672,,,,
TODO,"AUDI A6 4F 05-11, TRÆKAKSEL FOR H.",,AUDI,"0588854,0588892,0588ABL,0588ACC",B,1,TODO,800,800,https://egluitistabcloudprod.blob.core.windows.net/pictures/50/P/145/735/5/249747,https://egluitistabcloudprod.blob.core.windows.net/pictures/50/P/145/735/5/249673,,,,
TODO,"AUDI A6 4F 05-11, BAGTØJSKLUMP","0AR500043A PARTSLINK",AUDI,"0588854,0588892,0588ABL,0588ACC",B,1,TODO,3500,3500,https://egluitistabcloudprod.blob.core.windows.net/pictures/50/P/648/850/6/7A65C36E-F1C5-40D9-BE6F-955F6CCBAFDE,,,,,
TODO,"AUDI A6 4F 05-11, GEARKASSE 4 X 4",,AUDI,"0588854,0588892,0588ABL,0588ACC",B1,1,TODO,15000,15000,https://egluitistabcloudprod.blob.core.windows.net/pictures/50/P/145/736/0/249503,https://egluitistabcloudprod.blob.core.windows.net/pictures/50/P/145/736/0/249489,https://egluitistabcloudprod.blob.core.windows.net/pictures/50/P/145/736/0/249459,https://egluitistabcloudprod.blob.core.windows.net/pictures/50/P/145/736/0/249421,,
TODO,"AUDI A6 4F 05-11, VARMEBLÆSER","4F0820521A
4F0910521
",AUDI,"0588854,0588892,0588ABL,0588ACC",B,1,TODO,450,450,https://egluitistabcloudprod.blob.core.windows.net/pictures/50/P/145/737/6/195499,https://egluitistabcloudprod.blob.core.windows.net/pictures/50/P/145/737/6/195384,https://egluitistabcloudprod.blob.core.windows.net/pictures/50/P/145/737/6/195227,,,
TODO,"AUDI A6 4F 05-11, HUNDEGITTER",,AUDI,"0588854,0588892,0588ABL,0588ACC",B,1,TODO,500,500,https://egluitistabcloudprod.blob.core.windows.net/pictures/50/P/145/737/7/195385,https://egluitistabcloudprod.blob.core.windows.net/pictures/50/P/145/737/7/195228,,,,
TODO,"AUDI A6 4F 05-11, SIDESPEJL EL","SØLVMET/KLAP/BLINK
14 LED
STIKKET KLIPPET AF",AUDI,"0588854,0588892,0588ABL,0588ACC",C,1,TODO,600,600,https://egluitistabcloudprod.blob.core.windows.net/pictures/50/P/145/738/0/195386,https://egluitistabcloudprod.blob.core.windows.net/pictures/50/P/145/738/0/195229,,,,
TODO,"AUDI A6 4F 05-11, SOLTAGSMOTOR",,AUDI,"0588854,0588892,0588ABL,0588ACC",B,1,TODO,400,400,https://egluitistabcloudprod.blob.core.windows.net/pictures/50/P/145/738/3/195500,https://egluitistabcloudprod.blob.core.windows.net/pictures/50/P/145/738/3/195387,https://egluitistabcloudprod.blob.core.windows.net/pictures/50/P/145/738/3/195231,,,
TODO,"AUDI A6 4F 05-11, DØRBEKLÆDNING 4DØRS",,AUDI,"0588854,0588892,0588ABL,0588ACC",B,1,TODO,450,450,https://egluitistabcloudprod.blob.core.windows.net/pictures/50/P/145/739/3/268522,https://egluitistabcloudprod.blob.core.windows.net/pictures/50/P/145/739/3/268509,,,,
TODO,"AUDI A6 4F 05-11, CENTRALLÅS EL.",,AUDI,"0588854,0588892,0588ABL,0588ACC",B,1,TODO,350,350,https://egluitistabcloudprod.blob.core.windows.net/pictures/50/P/145/739/9/205129,https://egluitistabcloudprod.blob.core.windows.net/pictures/50/P/145/739/9/205035,,,,
TODO,"AUDI A6 4F 05-11, INSTRUMENT MED OMDR.",,AUDI,"0588854,0588892,0588ABL,0588ACC",B,1,TODO,1000,1000,https://egluitistabcloudprod.blob.core.windows.net/pictures/50/P/145/741/3/195395,https://egluitistabcloudprod.blob.core.windows.net/pictures/50/P/145/741/3/195239,,,,
TODO,"AUDI A6 4F 05-11, INJECTION ELBOKS","0281015353
4F9910401G",AUDI,"0588854,0588892,0588ABL,0588ACC",B,1,TODO,1200,1200,https://egluitistabcloudprod.blob.core.windows.net/pictures/50/P/145/741/5/195397,https://egluitistabcloudprod.blob.core.windows.net/pictures/50/P/145/741/5/195241,,,,
TODO,"AUDI A6 4F 05-11, XENON DELE",,AUDI,"0588854,0588892,0588ABL,0588ACC",B,1,TODO,350,350,https://egluitistabcloudprod.blob.core.windows.net/pictures/50/P/145/741/6/195242,,,,,
TODO,"AUDI A6 4F 05-11, FÆLGE ALUMINIUM",,AUDI,"0588854,0588892,0588ABL,0588ACC",B,1,TODO,450,450,https://egluitistabcloudprod.blob.core.windows.net/pictures/50/P/145/742/5/195248,,,,,
TODO,"AUDI A6 4F 05-11, XENON DELE",,AUDI,"0588854,0588892,0588ABL,0588ACC",B,1,TODO,350,350,https://egluitistabcloudprod.blob.core.windows.net/pictures/50/P/145/742/6/195402,https://egluitistabcloudprod.blob.core.windows.net/pictures/50/P/145/742/6/195249,,,,
TODO,"AUDI A6 4F 05-11, XENON DELE",,AUDI,"0588854,0588892,0588ABL,0588ACC",B,1,TODO,350,350,https://egluitistabcloudprod.blob.core.windows.net/pictures/50/P/145/742/8/195403,https://egluitistabcloudprod.blob.core.windows.net/pictures/50/P/145/742/8/195251,,,,
TODO,"AUDI A6 4F 05-11, BAGBRO KPL.",,AUDI,"0588854,0588892,0588ABL,0588ACC",B,1,TODO,2200,2200,https://egluitistabcloudprod.blob.core.windows.net/pictures/50/P/648/857/6/A3FD4179-9C67-4045-828C-E007CD29B2C0,,,,,
TODO,"AUDI A6 4F 05-11, LOFTSLYS",,AUDI,"0588854,0588892,0588ABL,0588ACC",B,1,TODO,450,450,https://egluitistabcloudprod.blob.core.windows.net/pictures/50/P/145/744/5/195405,https://egluitistabcloudprod.blob.core.windows.net/pictures/50/P/145/744/5/195253,,,,
TODO,"AUDI A6 4F 05-11, MULTISKÆRM","RIDS I SKÆRM",AUDI,"0588854,0588892,0588ABL,0588ACC",B-,1,TODO,700,700,https://egluitistabcloudprod.blob.core.windows.net/pictures/50/P/145/746/6/195406,https://egluitistabcloudprod.blob.core.windows.net/pictures/50/P/145/746/6/195254,,,,
TODO,"AUDI A6 4F 05-11, VAKUUMPUMPE","057145100AE PART L",AUDI,"0588AAS,0588ABA",B,1,TODO,500,500,https://egluitistabcloudprod.blob.core.windows.net/pictures/50/P/146/193/5/198446,https://egluitistabcloudprod.blob.core.windows.net/pictures/50/P/146/193/5/198433,https://egluitistabcloudprod.blob.core.windows.net/pictures/50/P/146/193/5/198411,,,
TODO,"AUDI A6 4F 05-11, SOLSKÆRM",,AUDI,"0588856,0588887,0588ABI,0588ABZ",B,1,TODO,200,200,https://egluitistabcloudprod.blob.core.windows.net/pictures/50/P/150/611/3/244710,https://egluitistabcloudprod.blob.core.windows.net/pictures/50/P/150/611/3/244618,,,,
TODO,"AUDI A6 4F 05-11, MOTOR","MOTOR NR:  CAN-004509
059100033B NY
059100098MX OMB",AUDI,"0588AJK,0588AJM",B1,1,TODO,16000,16000,https://egluitistabcloudprod.blob.core.windows.net/pictures/50/P/996/496/2/16A00FFD-5DA5-4513-A53C-CEA61B5135EF,https://egluitistabcloudprod.blob.core.windows.net/pictures/50/P/996/496/2/4580AE51-6DC7-442C-9065-CF9755C60884,https://egluitistabcloudprod.blob.core.windows.net/pictures/50/P/996/496/2/F15BA2C9-B561-4E76-BD28-5BF014576847,https://egluitistabcloudprod.blob.core.windows.net/pictures/50/P/996/496/2/7CF78764-6626-4058-81CE-1B3693E4B89C,,
TODO,"AUDI A6 4F 05-11, STARTER",059911024D,AUDI,"0588AJK,0588AJM",B,1,TODO,500,500,https://egluitistabcloudprod.blob.core.windows.net/pictures/50/P/996/496/3/180604D9-9862-4280-BEA7-67614BA05164,https://egluitistabcloudprod.blob.core.windows.net/pictures/50/P/996/496/3/AADAAF19-D9B1-417C-B4C1-A9355B490197,https://egluitistabcloudprod.blob.core.windows.net/pictures/50/P/996/496/3/34F18959-8153-4FFF-B36A-5E6076EBD61E,,,
TODO,"AUDI A6 4F 05-11, GENERATOR",059903018E,AUDI,"0588AJK,0588AJM",B,1,TODO,800,800,https://egluitistabcloudprod.blob.core.windows.net/pictures/50/P/996/661/4/ABDFB978-13E8-48B9-92BD-D3F42E9892BF,https://egluitistabcloudprod.blob.core.windows.net/pictures/50/P/996/661/4/71978D97-1DAF-4CF3-AAAC-7FA6BD9ECEF5,https://egluitistabcloudprod.blob.core.windows.net/pictures/50/P/996/661/4/CF4DA250-E016-43BB-8602-E69615575893,https://egluitistabcloudprod.blob.core.windows.net/pictures/50/P/996/661/4/45CC8E95-D12C-4E41-981A-0CFB674497C7,,
TODO,"AUDI A6 4F 05-11, ABS PUMPE","4F0910517AK 006
4F0614517AT 01
4F0614517AT
0265230090
4F0614517BB",AUDI,"0588AJK,0588AJM",B,1,TODO,3500,3500,https://egluitistabcloudprod.blob.core.windows.net/pictures/50/P/996/661/8/58015AA7-86BF-4857-9484-32DAD69270A1,https://egluitistabcloudprod.blob.core.windows.net/pictures/50/P/996/661/8/8B5DD78F-3364-4D9D-92BA-28C2FEEBFB2A,https://egluitistabcloudprod.blob.core.windows.net/pictures/50/P/996/661/8/34E4F652-2689-45C4-88EF-880231FD27DF,https://egluitistabcloudprod.blob.core.windows.net/pictures/50/P/996/661/8/5AE81DAD-A626-4C72-842E-B36D92548E30,,
TODO,"AUDI A6 4F 05-11, SERVOPUMPE",4F0145155A,AUDI,"0588AJK,0588AJM",B,1,TODO,800,800,https://egluitistabcloudprod.blob.core.windows.net/pictures/50/P/996/661/9/6D1F7DE3-C671-4507-AC1A-510FC05E6419,https://egluitistabcloudprod.blob.core.windows.net/pictures/50/P/996/661/9/2B884727-3B3A-45F8-ADD9-0589937B5E92,https://egluitistabcloudprod.blob.core.windows.net/pictures/50/P/996/661/9/D903E740-4431-4419-89DA-77086723F225,,,
TODO,"AUDI A6 4F 05-11, INJECTION ELBOKS","0281014724
4F7910401K",AUDI,"0588AJK,0588AJM",B,1,TODO,1200,1200,https://egluitistabcloudprod.blob.core.windows.net/pictures/50/P/996/662/1/DF41C816-9EFA-486E-9450-201525AF5A07,https://egluitistabcloudprod.blob.core.windows.net/pictures/50/P/996/662/1/6A32001D-28AE-40CB-BEE0-BAC0756843C4,https://egluitistabcloudprod.blob.core.windows.net/pictures/50/P/996/662/1/5F0EADFD-1D16-4285-BABC-F27DE6FA30D2,,,
TODO,"AUDI A6 4F 05-11, TRÆKAKSEL FOR V.","4F0407271T NY
4F0407251EX  OMB",AUDI,"0588AJK,0588AJM",B,1,TODO,800,800,https://egluitistabcloudprod.blob.core.windows.net/pictures/50/P/996/662/2/D59FFC35-82C1-4BA5-BAF1-BD1654FB5151,https://egluitistabcloudprod.blob.core.windows.net/pictures/50/P/996/662/2/C62B6D10-B68A-4953-AC70-A08617831E1C,,,,
TODO,"AUDI A6 4F 05-11, TRÆKAKSEL FOR H.","4F0407272T NY
4F047452EX OMB",AUDI,"0588AJK,0588AJM",B,1,TODO,800,800,https://egluitistabcloudprod.blob.core.windows.net/pictures/50/P/996/662/3/57D5568E-077D-4723-B85F-204BF6BBA667,https://egluitistabcloudprod.blob.core.windows.net/pictures/50/P/996/662/3/C38A8633-078B-4533-8694-EDC40B826416,https://egluitistabcloudprod.blob.core.windows.net/pictures/50/P/996/662/3/0C9BEF63-FC1D-44BA-9096-3B6D56818A33,,,
TODO,"AUDI A6 4F 05-11, BREMSEKALIBER VENT  VF",8E0615123B,AUDI,"0588AJK,0588AJM",B,1,TODO,350,350,https://egluitistabcloudprod.blob.core.windows.net/pictures/50/P/996/662/6/75E2D770-C468-4F02-A4DF-60EFC5FFF386,https://egluitistabcloudprod.blob.core.windows.net/pictures/50/P/996/662/6/97FDE7A5-DBD4-4CA7-99B3-AF0CD91630AB,https://egluitistabcloudprod.blob.core.windows.net/pictures/50/P/996/662/6/6C83B8BB-5377-4A4D-B4BB-4BFA8D30B062,,,
TODO,"AUDI A6 4F 05-11, BREMSEKALIBER VENT  HF",8E0615124B,AUDI,"0588AJK,0588AJM",B,1,TODO,350,350,https://egluitistabcloudprod.blob.core.windows.net/pictures/50/P/996/662/7/392ECE82-8ACA-4286-B74C-4620BDFC77CA,https://egluitistabcloudprod.blob.core.windows.net/pictures/50/P/996/662/7/3B0689A0-F21D-4808-A617-0E6056E4DBB7,https://egluitistabcloudprod.blob.core.windows.net/pictures/50/P/996/662/7/B281A56D-2368-49C6-BF08-3884A6BA1981,,,
TODO,"AUDI A6 4F 05-11, NAVIGATION",8R0919604,AUDI,"0588AJK,0588AJM",B,1,TODO,1200,1200,https://egluitistabcloudprod.blob.core.windows.net/pictures/50/P/996/714/5/D7D1D3EE-F8D5-493F-9F36-7AB1A51BA925,https://egluitistabcloudprod.blob.core.windows.net/pictures/50/P/996/714/5/090A995A-068C-45DF-B9BB-1AD51B5195F6,https://egluitistabcloudprod.blob.core.windows.net/pictures/50/P/996/714/5/4A250F4A-8406-44A1-8CB7-2F5A026AA511,,,
TODO,"AUDI A6 4F 05-11, INSTRUMENT MED OMDR.",4F0920933A,AUDI,"0588AJK,0588AJM",B,1,TODO,1000,1000,https://egluitistabcloudprod.blob.core.windows.net/pictures/50/P/996/714/6/90151106-821C-4167-A112-05793CADE1C5,https://egluitistabcloudprod.blob.core.windows.net/pictures/50/P/996/714/6/5F354C9A-71E3-4EF7-9246-43466C51E276,https://egluitistabcloudprod.blob.core.windows.net/pictures/50/P/996/714/6/8AE82B24-01A0-4381-9CA1-2C7E24260E98,,,
TODO,"AUDI A6 4F 05-11, VARMEREGULERING","5HB008833-56
4F0910043B
4F1820043AL",AUDI,"0588AJK,0588AJM",B,1,TODO,500,500,https://egluitistabcloudprod.blob.core.windows.net/pictures/50/P/996/715/0/2AED0B55-9F41-4C6C-9278-310878B3A7B1,https://egluitistabcloudprod.blob.core.windows.net/pictures/50/P/996/715/0/709100F9-37F7-4EF3-8642-ABEF0702F997,https://egluitistabcloudprod.blob.core.windows.net/pictures/50/P/996/715/0/F9549EDF-F87C-4D68-A739-8FE2670DE336,https://egluitistabcloudprod.blob.core.windows.net/pictures/50/P/996/715/0/425B77A6-C6A8-44DD-8AB2-BAAE9802C569,,
TODO,"AUDI A6 4F 05-11, RADIO MED CD",,AUDI,"0588AJK,0588AJM",B,1,TODO,1000,1000,https://egluitistabcloudprod.blob.core.windows.net/pictures/50/P/996/727/6/8955F91B-2C2E-4986-B493-E52098EF52D0,https://egluitistabcloudprod.blob.core.windows.net/pictures/50/P/996/727/6/E4683512-83D9-49A1-AB40-677D1771D41B,https://egluitistabcloudprod.blob.core.windows.net/pictures/50/P/996/727/6/450723B7-72F1-4388-8E6A-000445FD22C9,,,
TODO,"AUDI A6 4F 05-11, NAVIGATION",4E0035666H,AUDI,"0588AJK,0588AJM",B,1,TODO,1500,1500,https://egluitistabcloudprod.blob.core.windows.net/pictures/50/P/996/727/7/6A89CC5B-A9FB-4730-B561-EF27296804EB,https://egluitistabcloudprod.blob.core.windows.net/pictures/50/P/996/727/7/E83D4483-8CC1-43BC-8943-10E11A5EB8B2,https://egluitistabcloudprod.blob.core.windows.net/pictures/50/P/996/727/7/7CED3B34-7B1E-420F-9E87-FCD2BE0DB474,,,
TODO,"AUDI A6 4F 05-11, RAT  TIL AIRBAG","LIDT SLIDT
4F0419091DN",AUDI,"0588AJK,0588AJM",B,1,TODO,500,500,https://egluitistabcloudprod.blob.core.windows.net/pictures/50/P/996/728/0/4BC43EC6-9DE0-4D94-81DD-3E17DF734707,https://egluitistabcloudprod.blob.core.windows.net/pictures/50/P/996/728/0/EB825A44-9433-4FD7-B686-E821CBAB63A1,https://egluitistabcloudprod.blob.core.windows.net/pictures/50/P/996/728/0/CAE6F917-8E57-444F-BFA2-D7002FC329DD,,,
TODO,"AUDI A6 4F 05-11, KONTAKT COMBI","4E0953503G
4E0953521B",AUDI,"0588AJK,0588AJM",B,1,TODO,350,350,https://egluitistabcloudprod.blob.core.windows.net/pictures/50/P/996/728/8/90528A0B-C037-45CC-AC38-7C096AA5315A,https://egluitistabcloudprod.blob.core.windows.net/pictures/50/P/996/728/8/196569F5-9BD1-44AF-A3DF-2F46F65E7A19,https://egluitistabcloudprod.blob.core.windows.net/pictures/50/P/996/728/8/B851B413-C39D-4240-B9EF-A106A3DE422E,,,
TODO,"AUDI A6 4F 05-11, ARMLÆN","4F0864245D 22A",AUDI,"0588AJK,0588AJM",B,1,TODO,400,400,https://egluitistabcloudprod.blob.core.windows.net/pictures/50/P/996/731/3/B4F1FF9C-C36C-44BC-9439-5AE4411D7385,https://egluitistabcloudprod.blob.core.windows.net/pictures/50/P/996/731/3/5984A088-1240-4FFF-9301-96A9A499E4F3,,,,
TODO,"AUDI A6 4F 05-11, KONTAKT DIVERSE",4F1919611S,AUDI,"0588AJK,0588AJM",B,1,TODO,500,500,https://egluitistabcloudprod.blob.core.windows.net/pictures/50/P/996/768/4/06E4DD03-2C61-47EC-9F40-2B722A2A0289,https://egluitistabcloudprod.blob.core.windows.net/pictures/50/P/996/768/4/70C198A0-997B-47B4-859C-A45C9AFC5635,https://egluitistabcloudprod.blob.core.windows.net/pictures/50/P/996/768/4/16A941C8-DF46-4A6D-9B46-E2073DBD4787,,,
TODO,"AUDI A6 4F 05-11, RELÆ DIVERSE",,AUDI,"0588AJK,0588AJM",B,1,TODO,0,0,https://egluitistabcloudprod.blob.core.windows.net/pictures/50/P/100/198/34/8A8344C3-2DA9-4E0B-BA9B-B776A2862278,https://egluitistabcloudprod.blob.core.windows.net/pictures/50/P/100/198/34/C9B4BF9A-B6A6-424F-864C-987A82F0B21C,https://egluitistabcloudprod.blob.core.windows.net/pictures/50/P/100/198/34/D3108C89-926C-41E5-898C-AE605CF7B9E1,https://egluitistabcloudprod.blob.core.windows.net/pictures/50/P/100/198/34/D06FECD7-8163-4F3D-9642-FD768DEA04AF,,
